"Local Code","Age Group","Population","# of population with at least 1 dose","Percent of population who received at least one dose","# of population fully immunized","Percent of population fully immunized","Alberta: percent of population who received at least one dose","Alberta: percent of population fully immunized","Local Name","Zone Name"
"Z1.1.A.01","12-19 years",486,253,52,217,44.6,69.2,59.8,"CROWSNEST PASS","SOUTH"
"Z1.1.A.01","12+ years",5615,3948,70.3,3647,65,78.3,70.2,"CROWSNEST PASS","SOUTH"
"Z1.1.A.01","20-39 years",1304,694,53.2,585,44.9,68,58.3,"CROWSNEST PASS","SOUTH"
"Z1.1.A.01","40-59 years",1622,1108,68.3,1028,63.4,78.5,72.1,"CROWSNEST PASS","SOUTH"
"Z1.1.A.01","60-74 years",1599,1354,84.7,1297,81.1,89.8,86.4,"CROWSNEST PASS","SOUTH"
"Z1.1.A.01","75+ years",604,523,86.6,510,84.5,91.3,89.7,"CROWSNEST PASS","SOUTH"
"Z1.1.A.01","ALL years",6280,3948,62.9,3647,58.1,66.6,59.7,"CROWSNEST PASS","SOUTH"
"Z1.1.A.02","12-19 years",779,475,61,374,48,69.2,59.8,"PINCHER CREEK","SOUTH"
"Z1.1.A.02","12+ years",7177,5341,74.4,4812,67.1,78.3,70.2,"PINCHER CREEK","SOUTH"
"Z1.1.A.02","20-39 years",1962,1241,63.3,987,50.3,68,58.3,"PINCHER CREEK","SOUTH"
"Z1.1.A.02","40-59 years",1946,1420,73,1302,66.9,78.5,72.1,"PINCHER CREEK","SOUTH"
"Z1.1.A.02","60-74 years",1706,1448,84.9,1409,82.6,89.8,86.4,"PINCHER CREEK","SOUTH"
"Z1.1.A.02","75+ years",784,734,93.6,723,92.2,91.3,89.7,"PINCHER CREEK","SOUTH"
"Z1.1.A.02","ALL years",8344,5341,64,4812,57.7,66.6,59.7,"PINCHER CREEK","SOUTH"
"Z1.1.A.03","12-19 years",677,298,44,244,36.1,69.2,59.8,"FORT MACLEOD","SOUTH"
"Z1.1.A.03","12+ years",5553,3321,59.8,2994,53.9,78.3,70.2,"FORT MACLEOD","SOUTH"
"Z1.1.A.03","20-39 years",1696,716,42.2,603,35.6,68,58.3,"FORT MACLEOD","SOUTH"
"Z1.1.A.03","40-59 years",1458,915,62.7,808,55.4,78.5,72.1,"FORT MACLEOD","SOUTH"
"Z1.1.A.03","60-74 years",1196,948,79.3,909,76,89.8,86.4,"FORT MACLEOD","SOUTH"
"Z1.1.A.03","75+ years",526,435,82.7,425,80.8,91.3,89.7,"FORT MACLEOD","SOUTH"
"Z1.1.A.03","ALL years",6753,3321,49.2,2994,44.3,66.6,59.7,"FORT MACLEOD","SOUTH"
"Z1.1.B.04","12-19 years",2211,1338,60.5,1050,47.5,69.2,59.8,"CARDSTON-KAINAI","SOUTH"
"Z1.1.B.04","12+ years",13462,9495,70.5,8064,59.9,78.3,70.2,"CARDSTON-KAINAI","SOUTH"
"Z1.1.B.04","20-39 years",4130,2473,59.9,1887,45.7,68,58.3,"CARDSTON-KAINAI","SOUTH"
"Z1.1.B.04","40-59 years",3363,2477,73.7,2114,62.9,78.5,72.1,"CARDSTON-KAINAI","SOUTH"
"Z1.1.B.04","60-74 years",2501,2063,82.5,1947,77.8,89.8,86.4,"CARDSTON-KAINAI","SOUTH"
"Z1.1.B.04","75+ years",1258,1063,84.5,1019,81,91.3,89.7,"CARDSTON-KAINAI","SOUTH"
"Z1.1.B.04","ALL years",16595,9495,57.2,8064,48.6,66.6,59.7,"CARDSTON-KAINAI","SOUTH"
"Z1.2.A.01","12-19 years",3120,1297,41.6,1104,35.4,69.2,59.8,"COUNTY OF LETHBRIDGE","SOUTH"
"Z1.2.A.01","12+ years",20593,12424,60.3,11366,55.2,78.3,70.2,"COUNTY OF LETHBRIDGE","SOUTH"
"Z1.2.A.01","20-39 years",6985,3288,47.1,2848,40.8,68,58.3,"COUNTY OF LETHBRIDGE","SOUTH"
"Z1.2.A.01","40-59 years",5579,3658,65.6,3317,59.5,78.5,72.1,"COUNTY OF LETHBRIDGE","SOUTH"
"Z1.2.A.01","60-74 years",3586,2967,82.7,2917,81.3,89.8,86.4,"COUNTY OF LETHBRIDGE","SOUTH"
"Z1.2.A.01","75+ years",1323,1141,86.3,1134,85.7,91.3,89.7,"COUNTY OF LETHBRIDGE","SOUTH"
"Z1.2.A.01","ALL years",25820,12424,48.1,11366,44,66.6,59.7,"COUNTY OF LETHBRIDGE","SOUTH"
"Z1.2.B.02","12-19 years",2624,723,27.6,622,23.7,69.2,59.8,"TABER MD","SOUTH"
"Z1.2.B.02","12+ years",15123,7328,48.5,6641,43.9,78.3,70.2,"TABER MD","SOUTH"
"Z1.2.B.02","20-39 years",5108,1653,32.4,1401,27.4,68,58.3,"TABER MD","SOUTH"
"Z1.2.B.02","40-59 years",4114,2285,55.5,2060,50.1,78.5,72.1,"TABER MD","SOUTH"
"Z1.2.B.02","60-74 years",2299,1789,77.8,1711,74.4,89.8,86.4,"TABER MD","SOUTH"
"Z1.2.B.02","75+ years",977,840,85.9,822,84.1,91.3,89.7,"TABER MD","SOUTH"
"Z1.2.B.02","ALL years",19028,7328,38.5,6641,34.9,66.6,59.7,"TABER MD","SOUTH"
"Z1.2.C.03","12-19 years",1470,617,42,517,35.2,69.2,59.8,"COUNTY OF WARNER","SOUTH"
"Z1.2.C.03","12+ years",9027,5406,59.9,4765,52.8,78.3,70.2,"COUNTY OF WARNER","SOUTH"
"Z1.2.C.03","20-39 years",2664,1200,45.1,959,36,68,58.3,"COUNTY OF WARNER","SOUTH"
"Z1.2.C.03","40-59 years",2283,1417,62.1,1243,54.4,78.5,72.1,"COUNTY OF WARNER","SOUTH"
"Z1.2.C.03","60-74 years",1821,1473,80.9,1366,75,89.8,86.4,"COUNTY OF WARNER","SOUTH"
"Z1.2.C.03","75+ years",790,661,83.7,654,82.8,91.3,89.7,"COUNTY OF WARNER","SOUTH"
"Z1.2.C.03","ALL years",11104,5406,48.7,4765,42.9,66.6,59.7,"COUNTY OF WARNER","SOUTH"
"Z1.2.C.04","12-19 years",867,156,18,122,14.1,69.2,59.8,"COUNTY OF FORTY MILE","SOUTH"
"Z1.2.C.04","12+ years",4936,2027,41.1,1814,36.7,78.3,70.2,"COUNTY OF FORTY MILE","SOUTH"
"Z1.2.C.04","20-39 years",1677,449,26.8,348,20.8,68,58.3,"COUNTY OF FORTY MILE","SOUTH"
"Z1.2.C.04","40-59 years",1218,564,46.3,533,43.7,78.5,72.1,"COUNTY OF FORTY MILE","SOUTH"
"Z1.2.C.04","60-74 years",830,581,70,544,65.6,89.8,86.4,"COUNTY OF FORTY MILE","SOUTH"
"Z1.2.C.04","75+ years",345,271,78.6,261,75.7,91.3,89.7,"COUNTY OF FORTY MILE","SOUTH"
"Z1.2.C.04","ALL years",6409,2027,31.6,1814,28.3,66.6,59.7,"COUNTY OF FORTY MILE","SOUTH"
"Z1.3.A.01","12-19 years",3267,1585,48.5,1272,38.9,69.2,59.8,"NEWELL","SOUTH"
"Z1.3.A.01","12+ years",23101,14755,63.9,13012,56.3,78.3,70.2,"NEWELL","SOUTH"
"Z1.3.A.01","20-39 years",7813,4162,53.3,3413,43.7,68,58.3,"NEWELL","SOUTH"
"Z1.3.A.01","40-59 years",7356,5015,68.2,4522,61.5,78.5,72.1,"NEWELL","SOUTH"
"Z1.3.A.01","60-74 years",3412,2851,83.6,2713,79.5,89.8,86.4,"NEWELL","SOUTH"
"Z1.3.A.01","75+ years",1253,1071,85.5,1052,84,91.3,89.7,"NEWELL","SOUTH"
"Z1.3.A.01","ALL years",27753,14755,53.2,13012,46.9,66.6,59.7,"NEWELL","SOUTH"
"Z1.3.B.02","12-19 years",328,128,39,98,29.9,69.2,59.8,"OYEN","SOUTH"
"Z1.3.B.02","12+ years",2972,1795,60.4,1599,53.8,78.3,70.2,"OYEN","SOUTH"
"Z1.3.B.02","20-39 years",767,334,43.5,276,36,68,58.3,"OYEN","SOUTH"
"Z1.3.B.02","40-59 years",838,491,58.6,421,50.2,78.5,72.1,"OYEN","SOUTH"
"Z1.3.B.02","60-74 years",726,577,79.5,540,74.4,89.8,86.4,"OYEN","SOUTH"
"Z1.3.B.02","75+ years",312,260,83.3,259,83,91.3,89.7,"OYEN","SOUTH"
"Z1.3.B.02","ALL years",3486,1795,51.5,1599,45.9,66.6,59.7,"OYEN","SOUTH"
"Z1.3.B.03","12-19 years",1265,603,47.7,494,39,69.2,59.8,"CYPRESS COUNTY","SOUTH"
"Z1.3.B.03","12+ years",9600,6176,64.3,5486,57.1,78.3,70.2,"CYPRESS COUNTY","SOUTH"
"Z1.3.B.03","20-39 years",2801,1499,53.5,1236,44.1,68,58.3,"CYPRESS COUNTY","SOUTH"
"Z1.3.B.03","40-59 years",3151,2156,68.4,1921,61,78.5,72.1,"CYPRESS COUNTY","SOUTH"
"Z1.3.B.03","60-74 years",1903,1506,79.1,1442,75.8,89.8,86.4,"CYPRESS COUNTY","SOUTH"
"Z1.3.B.03","75+ years",479,386,80.6,378,78.9,91.3,89.7,"CYPRESS COUNTY","SOUTH"
"Z1.3.B.03","ALL years",11298,6176,54.7,5486,48.6,66.6,59.7,"CYPRESS COUNTY","SOUTH"
"Z1.4.A.01","12-19 years",6316,3867,61.2,3256,51.6,69.2,59.8,"MEDICINE HAT","SOUTH"
"Z1.4.A.01","12+ years",59133,43188,73,39090,66.1,78.3,70.2,"MEDICINE HAT","SOUTH"
"Z1.4.A.01","20-39 years",17728,10682,60.3,8980,50.7,68,58.3,"MEDICINE HAT","SOUTH"
"Z1.4.A.01","40-59 years",17120,12488,72.9,11272,65.8,78.5,72.1,"MEDICINE HAT","SOUTH"
"Z1.4.A.01","60-74 years",12190,10698,87.8,10320,84.7,89.8,86.4,"MEDICINE HAT","SOUTH"
"Z1.4.A.01","75+ years",5779,5249,90.8,5127,88.7,91.3,89.7,"MEDICINE HAT","SOUTH"
"Z1.4.A.01","ALL years",68115,43188,63.4,39090,57.4,66.6,59.7,"MEDICINE HAT","SOUTH"
"Z1.5.A.01","12-19 years",3980,3240,81.4,2776,69.8,69.2,59.8,"LETHBRIDGE - WEST","SOUTH"
"Z1.5.A.01","12+ years",32091,27388,85.3,25083,78.2,78.3,70.2,"LETHBRIDGE - WEST","SOUTH"
"Z1.5.A.01","20-39 years",13363,10568,79.1,9242,69.2,68,58.3,"LETHBRIDGE - WEST","SOUTH"
"Z1.5.A.01","40-59 years",8526,7439,87.3,7053,82.7,78.5,72.1,"LETHBRIDGE - WEST","SOUTH"
"Z1.5.A.01","60-74 years",4712,4461,94.7,4390,93.2,89.8,86.4,"LETHBRIDGE - WEST","SOUTH"
"Z1.5.A.01","75+ years",1510,1484,98.3,1484,98.3,91.3,89.7,"LETHBRIDGE - WEST","SOUTH"
"Z1.5.A.01","ALL years",38163,27388,71.8,25083,65.7,66.6,59.7,"LETHBRIDGE - WEST","SOUTH"
"Z1.5.B.02","12-19 years",2462,1708,69.4,1438,58.4,69.2,59.8,"LETHBRIDGE - NORTH","SOUTH"
"Z1.5.B.02","12+ years",24136,19037,78.9,17248,71.5,78.3,70.2,"LETHBRIDGE - NORTH","SOUTH"
"Z1.5.B.02","20-39 years",8205,5610,68.4,4794,58.4,68,58.3,"LETHBRIDGE - NORTH","SOUTH"
"Z1.5.B.02","40-59 years",7065,5641,79.8,5165,73.1,78.5,72.1,"LETHBRIDGE - NORTH","SOUTH"
"Z1.5.B.02","60-74 years",4451,4145,93.1,3977,89.3,89.8,86.4,"LETHBRIDGE - NORTH","SOUTH"
"Z1.5.B.02","75+ years",1953,1825,93.4,1801,92.2,91.3,89.7,"LETHBRIDGE - NORTH","SOUTH"
"Z1.5.B.02","ALL years",27903,19037,68.2,17248,61.8,66.6,59.7,"LETHBRIDGE - NORTH","SOUTH"
"Z1.5.C.03","12-19 years",2585,1840,71.2,1627,62.9,69.2,59.8,"LETHBRIDGE - SOUTH","SOUTH"
"Z1.5.C.03","12+ years",30603,24372,79.6,22499,73.5,78.3,70.2,"LETHBRIDGE - SOUTH","SOUTH"
"Z1.5.C.03","20-39 years",9591,6411,66.8,5446,56.8,68,58.3,"LETHBRIDGE - SOUTH","SOUTH"
"Z1.5.C.03","40-59 years",7552,6055,80.2,5586,74,78.5,72.1,"LETHBRIDGE - SOUTH","SOUTH"
"Z1.5.C.03","60-74 years",6496,5886,90.6,5716,88,89.8,86.4,"LETHBRIDGE - SOUTH","SOUTH"
"Z1.5.C.03","75+ years",4380,4089,93.4,4073,93,91.3,89.7,"LETHBRIDGE - SOUTH","SOUTH"
"Z1.5.C.03","ALL years",34464,24372,70.7,22499,65.3,66.6,59.7,"LETHBRIDGE - SOUTH","SOUTH"
"Z2.1.A.01","12-19 years",12649,10588,83.7,9707,76.7,69.2,59.8,"CALGARY - UPPER NW","CALGARY"
"Z2.1.A.01","12+ years",106368,91383,85.9,85863,80.7,78.3,70.2,"CALGARY - UPPER NW","CALGARY"
"Z2.1.A.01","20-39 years",34306,27176,79.2,24651,71.9,68,58.3,"CALGARY - UPPER NW","CALGARY"
"Z2.1.A.01","40-59 years",34655,29692,85.7,28260,81.5,78.5,72.1,"CALGARY - UPPER NW","CALGARY"
"Z2.1.A.01","60-74 years",18400,17320,94.1,16917,91.9,89.8,86.4,"CALGARY - UPPER NW","CALGARY"
"Z2.1.A.01","75+ years",6358,5925,93.2,5855,92.1,91.3,89.7,"CALGARY - UPPER NW","CALGARY"
"Z2.1.A.01","ALL years",123679,91383,73.9,85863,69.4,66.6,59.7,"CALGARY - UPPER NW","CALGARY"
"Z2.1.B.02","12-19 years",12190,10316,84.6,9318,76.4,69.2,59.8,"CALGARY - NORTH","CALGARY"
"Z2.1.B.02","12+ years",97677,84824,86.8,79033,80.9,78.3,70.2,"CALGARY - NORTH","CALGARY"
"Z2.1.B.02","20-39 years",33559,26822,79.9,24050,71.7,68,58.3,"CALGARY - NORTH","CALGARY"
"Z2.1.B.02","40-59 years",33724,29703,88.1,28119,83.4,78.5,72.1,"CALGARY - NORTH","CALGARY"
"Z2.1.B.02","60-74 years",13973,13431,96.1,13179,94.3,89.8,86.4,"CALGARY - NORTH","CALGARY"
"Z2.1.B.02","75+ years",4231,3971,93.8,3944,93.2,91.3,89.7,"CALGARY - NORTH","CALGARY"
"Z2.1.B.02","ALL years",116945,84824,72.5,79033,67.6,66.6,59.7,"CALGARY - NORTH","CALGARY"
"Z2.1.C.03","12-19 years",5659,4677,82.6,4044,71.5,69.2,59.8,"CALGARY - NOSE HILL","CALGARY"
"Z2.1.C.03","12+ years",68028,56489,83,51363,75.5,78.3,70.2,"CALGARY - NOSE HILL","CALGARY"
"Z2.1.C.03","20-39 years",25284,19347,76.5,16926,66.9,68,58.3,"CALGARY - NOSE HILL","CALGARY"
"Z2.1.C.03","40-59 years",20792,17281,83.1,15809,76,78.5,72.1,"CALGARY - NOSE HILL","CALGARY"
"Z2.1.C.03","60-74 years",11347,10480,92.4,10035,88.4,89.8,86.4,"CALGARY - NOSE HILL","CALGARY"
"Z2.1.C.03","75+ years",4946,4447,89.9,4365,88.2,91.3,89.7,"CALGARY - NOSE HILL","CALGARY"
"Z2.1.C.03","ALL years",78021,56489,72.4,51363,65.8,66.6,59.7,"CALGARY - NOSE HILL","CALGARY"
"Z2.1.D.04","12-19 years",6617,5622,85,5127,77.5,69.2,59.8,"CALGARY - LOWER NW","CALGARY"
"Z2.1.D.04","12+ years",54432,47807,87.8,44641,82,78.3,70.2,"CALGARY - LOWER NW","CALGARY"
"Z2.1.D.04","20-39 years",16796,13547,80.7,12033,71.6,68,58.3,"CALGARY - LOWER NW","CALGARY"
"Z2.1.D.04","40-59 years",17295,15112,87.4,14324,82.8,78.5,72.1,"CALGARY - LOWER NW","CALGARY"
"Z2.1.D.04","60-74 years",9468,8993,95,8756,92.5,89.8,86.4,"CALGARY - LOWER NW","CALGARY"
"Z2.1.D.04","75+ years",4256,4190,98.4,4143,97.3,91.3,89.7,"CALGARY - LOWER NW","CALGARY"
"Z2.1.D.04","ALL years",62696,47807,76.3,44641,71.2,66.6,59.7,"CALGARY - LOWER NW","CALGARY"
"Z2.1.E.05","12-19 years",1301,948,72.9,833,64,69.2,59.8,"CALGARY - WEST BOW","CALGARY"
"Z2.1.E.05","12+ years",18677,14977,80.2,13979,74.8,78.3,70.2,"CALGARY - WEST BOW","CALGARY"
"Z2.1.E.05","20-39 years",6501,4879,75.1,4445,68.4,68,58.3,"CALGARY - WEST BOW","CALGARY"
"Z2.1.E.05","40-59 years",5542,4365,78.8,4101,74,78.5,72.1,"CALGARY - WEST BOW","CALGARY"
"Z2.1.E.05","60-74 years",3624,3204,88.4,3069,84.7,89.8,86.4,"CALGARY - WEST BOW","CALGARY"
"Z2.1.E.05","75+ years",1709,1530,89.5,1497,87.6,91.3,89.7,"CALGARY - WEST BOW","CALGARY"
"Z2.1.E.05","ALL years",21283,14977,70.4,13979,65.7,66.6,59.7,"CALGARY - WEST BOW","CALGARY"
"Z2.1.F.06","12-19 years",2582,2197,85.1,1948,75.4,69.2,59.8,"CALGARY - CENTRE NORTH","CALGARY"
"Z2.1.F.06","12+ years",39785,33492,84.2,30874,77.6,78.3,70.2,"CALGARY - CENTRE NORTH","CALGARY"
"Z2.1.F.06","20-39 years",15684,12674,80.8,11281,71.9,68,58.3,"CALGARY - CENTRE NORTH","CALGARY"
"Z2.1.F.06","40-59 years",12280,10088,82.1,9451,77,78.5,72.1,"CALGARY - CENTRE NORTH","CALGARY"
"Z2.1.F.06","60-74 years",6243,5682,91,5487,87.9,89.8,86.4,"CALGARY - CENTRE NORTH","CALGARY"
"Z2.1.F.06","75+ years",2995,2672,89.2,2585,86.3,91.3,89.7,"CALGARY - CENTRE NORTH","CALGARY"
"Z2.1.F.06","ALL years",44910,33492,74.6,30874,68.7,66.6,59.7,"CALGARY - CENTRE NORTH","CALGARY"
"Z2.2.A.01","12-19 years",12421,10774,86.7,9280,74.7,69.2,59.8,"CALGARY - UPPER NE","CALGARY"
"Z2.2.A.01","12+ years",98437,88399,89.8,77349,78.6,78.3,70.2,"CALGARY - UPPER NE","CALGARY"
"Z2.2.A.01","20-39 years",43098,36608,84.9,30181,70,68,58.3,"CALGARY - UPPER NE","CALGARY"
"Z2.2.A.01","40-59 years",28665,26557,92.6,24238,84.6,78.5,72.1,"CALGARY - UPPER NE","CALGARY"
"Z2.2.A.01","60-74 years",11167,11119,99.6,10532,94.3,89.8,86.4,"CALGARY - UPPER NE","CALGARY"
"Z2.2.A.01","75+ years",3086,2794,90.5,2747,89,91.3,89.7,"CALGARY - UPPER NE","CALGARY"
"Z2.2.A.01","ALL years",120999,88399,73.1,77349,63.9,66.6,59.7,"CALGARY - UPPER NE","CALGARY"
"Z2.2.B.02","12-19 years",9448,6660,70.5,5572,59,69.2,59.8,"CALGARY - LOWER NE","CALGARY"
"Z2.2.B.02","12+ years",81711,63759,78,56268,68.9,78.3,70.2,"CALGARY - LOWER NE","CALGARY"
"Z2.2.B.02","20-39 years",28938,19358,66.9,15842,54.7,68,58.3,"CALGARY - LOWER NE","CALGARY"
"Z2.2.B.02","40-59 years",25251,20462,81,18340,72.6,78.5,72.1,"CALGARY - LOWER NE","CALGARY"
"Z2.2.B.02","60-74 years",13643,12798,93.8,12249,89.8,89.8,86.4,"CALGARY - LOWER NE","CALGARY"
"Z2.2.B.02","75+ years",4431,4177,94.3,4077,92,91.3,89.7,"CALGARY - LOWER NE","CALGARY"
"Z2.2.B.02","ALL years",96472,63759,66.1,56268,58.3,66.6,59.7,"CALGARY - LOWER NE","CALGARY"
"Z2.3.A.01","12-19 years",6588,4368,66.3,3584,54.4,69.2,59.8,"CALGARY - EAST","CALGARY"
"Z2.3.A.01","12+ years",62912,46793,74.4,41119,65.4,78.3,70.2,"CALGARY - EAST","CALGARY"
"Z2.3.A.01","20-39 years",21357,13524,63.3,11040,51.7,68,58.3,"CALGARY - EAST","CALGARY"
"Z2.3.A.01","40-59 years",20843,15806,75.8,14062,67.5,78.5,72.1,"CALGARY - EAST","CALGARY"
"Z2.3.A.01","60-74 years",10681,9795,91.7,9258,86.7,89.8,86.4,"CALGARY - EAST","CALGARY"
"Z2.3.A.01","75+ years",3444,3122,90.7,3063,88.9,91.3,89.7,"CALGARY - EAST","CALGARY"
"Z2.3.A.01","ALL years",72509,46793,64.5,41119,56.7,66.6,59.7,"CALGARY - EAST","CALGARY"
"Z2.3.B.02","12-19 years",12372,10364,83.8,9401,76,69.2,59.8,"CALGARY - SE","CALGARY"
"Z2.3.B.02","12+ years",109371,92444,84.5,86071,78.7,78.3,70.2,"CALGARY - SE","CALGARY"
"Z2.3.B.02","20-39 years",41062,31272,76.2,28070,68.4,68,58.3,"CALGARY - SE","CALGARY"
"Z2.3.B.02","40-59 years",37644,32345,85.9,30781,81.8,78.5,72.1,"CALGARY - SE","CALGARY"
"Z2.3.B.02","60-74 years",14370,13854,96.4,13421,93.4,89.8,86.4,"CALGARY - SE","CALGARY"
"Z2.3.B.02","75+ years",3922,3883,99,3873,98.7,91.3,89.7,"CALGARY - SE","CALGARY"
"Z2.3.B.02","ALL years",134420,92444,68.8,86071,64,66.6,59.7,"CALGARY - SE","CALGARY"
"Z2.4.A.01","12-19 years",10184,8750,85.9,8020,78.8,69.2,59.8,"CALGARY - WEST","CALGARY"
"Z2.4.A.01","12+ years",78882,67968,86.2,63958,81.1,78.3,70.2,"CALGARY - WEST","CALGARY"
"Z2.4.A.01","20-39 years",22334,17541,78.5,15841,70.9,68,58.3,"CALGARY - WEST","CALGARY"
"Z2.4.A.01","40-59 years",28093,24047,85.6,22986,81.8,78.5,72.1,"CALGARY - WEST","CALGARY"
"Z2.4.A.01","60-74 years",13214,12296,93.1,11982,90.7,89.8,86.4,"CALGARY - WEST","CALGARY"
"Z2.4.A.01","75+ years",5058,4750,93.9,4724,93.4,91.3,89.7,"CALGARY - WEST","CALGARY"
"Z2.4.A.01","ALL years",92320,67968,73.6,63958,69.3,66.6,59.7,"CALGARY - WEST","CALGARY"
"Z2.4.B.02","12-19 years",2181,1679,77,1416,64.9,69.2,59.8,"CALGARY - CENTRE","CALGARY"
"Z2.4.B.02","12+ years",62359,50097,80.3,44917,72,78.3,70.2,"CALGARY - CENTRE","CALGARY"
"Z2.4.B.02","20-39 years",32324,26070,80.7,22985,71.1,68,58.3,"CALGARY - CENTRE","CALGARY"
"Z2.4.B.02","40-59 years",17045,13069,76.7,11645,68.3,78.5,72.1,"CALGARY - CENTRE","CALGARY"
"Z2.4.B.02","60-74 years",7882,6771,85.9,6444,81.8,89.8,86.4,"CALGARY - CENTRE","CALGARY"
"Z2.4.B.02","75+ years",2927,2432,83.1,2378,81.2,91.3,89.7,"CALGARY - CENTRE","CALGARY"
"Z2.4.B.02","ALL years",67568,50097,74.1,44917,66.5,66.6,59.7,"CALGARY - CENTRE","CALGARY"
"Z2.4.C.03","12-19 years",4802,4004,83.4,3588,74.7,69.2,59.8,"CALGARY - CENTRE WEST","CALGARY"
"Z2.4.C.03","12+ years",56896,48211,84.7,44551,78.3,78.3,70.2,"CALGARY - CENTRE WEST","CALGARY"
"Z2.4.C.03","20-39 years",21247,16727,78.7,14982,70.5,68,58.3,"CALGARY - CENTRE WEST","CALGARY"
"Z2.4.C.03","40-59 years",18384,15661,85.2,14597,79.4,78.5,72.1,"CALGARY - CENTRE WEST","CALGARY"
"Z2.4.C.03","60-74 years",8596,7953,92.5,7681,89.4,89.8,86.4,"CALGARY - CENTRE WEST","CALGARY"
"Z2.4.C.03","75+ years",3867,3605,93.2,3516,90.9,91.3,89.7,"CALGARY - CENTRE WEST","CALGARY"
"Z2.4.C.03","ALL years",65845,48211,73.2,44551,67.7,66.6,59.7,"CALGARY - CENTRE WEST","CALGARY"
"Z2.4.D.04","12-19 years",2995,2546,85,2293,76.6,69.2,59.8,"CALGARY - ELBOW","CALGARY"
"Z2.4.D.04","12+ years",36799,30618,83.2,28505,77.5,78.3,70.2,"CALGARY - ELBOW","CALGARY"
"Z2.4.D.04","20-39 years",11923,8934,74.9,7856,65.9,68,58.3,"CALGARY - ELBOW","CALGARY"
"Z2.4.D.04","40-59 years",10682,8766,82.1,8182,76.6,78.5,72.1,"CALGARY - ELBOW","CALGARY"
"Z2.4.D.04","60-74 years",7394,6845,92.6,6702,90.6,89.8,86.4,"CALGARY - ELBOW","CALGARY"
"Z2.4.D.04","75+ years",3805,3376,88.7,3362,88.4,91.3,89.7,"CALGARY - ELBOW","CALGARY"
"Z2.4.D.04","ALL years",40834,30618,75,28505,69.8,66.6,59.7,"CALGARY - ELBOW","CALGARY"
"Z2.4.E.05","12-19 years",8807,6751,76.7,5986,68,69.2,59.8,"CALGARY - FISH CREEK","CALGARY"
"Z2.4.E.05","12+ years",98116,80447,82,74169,75.6,78.3,70.2,"CALGARY - FISH CREEK","CALGARY"
"Z2.4.E.05","20-39 years",30885,22421,72.6,19498,63.1,68,58.3,"CALGARY - FISH CREEK","CALGARY"
"Z2.4.E.05","40-59 years",30114,24679,82,22900,76,78.5,72.1,"CALGARY - FISH CREEK","CALGARY"
"Z2.4.E.05","60-74 years",20290,18695,92.1,18143,89.4,89.8,86.4,"CALGARY - FISH CREEK","CALGARY"
"Z2.4.E.05","75+ years",8019,7504,93.6,7364,91.8,91.3,89.7,"CALGARY - FISH CREEK","CALGARY"
"Z2.4.E.05","ALL years",111574,80447,72.1,74169,66.5,66.6,59.7,"CALGARY - FISH CREEK","CALGARY"
"Z2.4.F.06","12-19 years",12468,10045,80.6,8952,71.8,69.2,59.8,"CALGARY - SW","CALGARY"
"Z2.4.F.06","12+ years",99671,83867,84.1,77807,78.1,78.3,70.2,"CALGARY - SW","CALGARY"
"Z2.4.F.06","20-39 years",32083,24570,76.6,21850,68.1,68,58.3,"CALGARY - SW","CALGARY"
"Z2.4.F.06","40-59 years",34673,29224,84.3,27588,79.6,78.5,72.1,"CALGARY - SW","CALGARY"
"Z2.4.F.06","60-74 years",14889,14098,94.7,13735,92.2,89.8,86.4,"CALGARY - SW","CALGARY"
"Z2.4.F.06","75+ years",5558,5362,96.5,5293,95.2,91.3,89.7,"CALGARY - SW","CALGARY"
"Z2.4.F.06","ALL years",116934,83867,71.7,77807,66.5,66.6,59.7,"CALGARY - SW","CALGARY"
"Z2.5.A.01","12-19 years",5567,3885,69.8,3352,60.2,69.2,59.8,"OKOTOKS-PRIDDIS","CALGARY"
"Z2.5.A.01","12+ years",39635,30296,76.4,27637,69.7,78.3,70.2,"OKOTOKS-PRIDDIS","CALGARY"
"Z2.5.A.01","20-39 years",10326,6408,62.1,5417,52.5,68,58.3,"OKOTOKS-PRIDDIS","CALGARY"
"Z2.5.A.01","40-59 years",13356,10201,76.4,9431,70.6,78.5,72.1,"OKOTOKS-PRIDDIS","CALGARY"
"Z2.5.A.01","60-74 years",7935,7187,90.6,6903,87,89.8,86.4,"OKOTOKS-PRIDDIS","CALGARY"
"Z2.5.A.01","75+ years",2450,2386,97.4,2376,97,91.3,89.7,"OKOTOKS-PRIDDIS","CALGARY"
"Z2.5.A.01","ALL years",46042,30296,65.8,27637,60,66.6,59.7,"OKOTOKS-PRIDDIS","CALGARY"
"Z2.5.B.02","12-19 years",762,393,51.6,319,41.8,69.2,59.8,"BLACK DIAMOND","CALGARY"
"Z2.5.B.02","12+ years",7647,5233,68.4,4643,60.7,78.3,70.2,"BLACK DIAMOND","CALGARY"
"Z2.5.B.02","20-39 years",1793,931,51.9,731,40.8,68,58.3,"BLACK DIAMOND","CALGARY"
"Z2.5.B.02","40-59 years",2338,1515,64.8,1331,56.9,78.5,72.1,"BLACK DIAMOND","CALGARY"
"Z2.5.B.02","60-74 years",2059,1745,84.8,1632,79.3,89.8,86.4,"BLACK DIAMOND","CALGARY"
"Z2.5.B.02","75+ years",694,624,89.9,611,88,91.3,89.7,"BLACK DIAMOND","CALGARY"
"Z2.5.B.02","ALL years",8769,5233,59.7,4643,52.9,66.6,59.7,"BLACK DIAMOND","CALGARY"
"Z2.5.B.03","12-19 years",2414,1427,59.1,1178,48.8,69.2,59.8,"HIGH RIVER","CALGARY"
"Z2.5.B.03","12+ years",20713,14688,70.9,13313,64.3,78.3,70.2,"HIGH RIVER","CALGARY"
"Z2.5.B.03","20-39 years",5187,2854,55,2326,44.8,68,58.3,"HIGH RIVER","CALGARY"
"Z2.5.B.03","40-59 years",6088,4275,70.2,3881,63.7,78.5,72.1,"HIGH RIVER","CALGARY"
"Z2.5.B.03","60-74 years",4743,3953,83.3,3793,80,89.8,86.4,"HIGH RIVER","CALGARY"
"Z2.5.B.03","75+ years",2280,2119,93,2093,91.8,91.3,89.7,"HIGH RIVER","CALGARY"
"Z2.5.B.03","ALL years",23739,14688,61.9,13313,56.1,66.6,59.7,"HIGH RIVER","CALGARY"
"Z2.5.C.04","12-19 years",470,238,50.6,201,42.8,69.2,59.8,"CLARESHOLM","CALGARY"
"Z2.5.C.04","12+ years",5562,3877,69.7,3554,63.9,78.3,70.2,"CLARESHOLM","CALGARY"
"Z2.5.C.04","20-39 years",1255,626,49.9,508,40.5,68,58.3,"CLARESHOLM","CALGARY"
"Z2.5.C.04","40-59 years",1509,979,64.9,876,58,78.5,72.1,"CLARESHOLM","CALGARY"
"Z2.5.C.04","60-74 years",1510,1286,85.2,1240,82.1,89.8,86.4,"CLARESHOLM","CALGARY"
"Z2.5.C.04","75+ years",818,729,89.1,716,87.5,91.3,89.7,"CLARESHOLM","CALGARY"
"Z2.5.C.04","ALL years",6246,3877,62.1,3554,56.9,66.6,59.7,"CLARESHOLM","CALGARY"
"Z2.5.C.05","12-19 years",717,252,35.2,208,29,69.2,59.8,"VULCAN","CALGARY"
"Z2.5.C.05","12+ years",5829,3441,59,3182,54.6,78.3,70.2,"VULCAN","CALGARY"
"Z2.5.C.05","20-39 years",1471,573,38.9,496,33.7,68,58.3,"VULCAN","CALGARY"
"Z2.5.C.05","40-59 years",1513,878,58,787,52,78.5,72.1,"VULCAN","CALGARY"
"Z2.5.C.05","60-74 years",1470,1160,78.9,1133,77.1,89.8,86.4,"VULCAN","CALGARY"
"Z2.5.C.05","75+ years",658,565,85.9,550,83.6,91.3,89.7,"VULCAN","CALGARY"
"Z2.5.C.05","ALL years",6775,3441,50.8,3182,47,66.6,59.7,"VULCAN","CALGARY"
"Z2.6.A.01","12-19 years",7732,5787,74.8,5005,64.7,69.2,59.8,"AIRDRIE","CALGARY"
"Z2.6.A.01","12+ years",59566,46539,78.1,41873,70.3,78.3,70.2,"AIRDRIE","CALGARY"
"Z2.6.A.01","20-39 years",21827,14769,67.7,12600,57.7,68,58.3,"AIRDRIE","CALGARY"
"Z2.6.A.01","40-59 years",19629,15855,80.8,14638,74.6,78.5,72.1,"AIRDRIE","CALGARY"
"Z2.6.A.01","60-74 years",8273,7805,94.3,7455,90.1,89.8,86.4,"AIRDRIE","CALGARY"
"Z2.6.A.01","75+ years",2105,1934,91.9,1930,91.7,91.3,89.7,"AIRDRIE","CALGARY"
"Z2.6.A.01","ALL years",73698,46539,63.1,41873,56.8,66.6,59.7,"AIRDRIE","CALGARY"
"Z2.6.B.02","12-19 years",2919,2273,77.9,1977,67.7,69.2,59.8,"CHESTERMERE","CALGARY"
"Z2.6.B.02","12+ years",21021,17370,82.6,15756,75,78.3,70.2,"CHESTERMERE","CALGARY"
"Z2.6.B.02","20-39 years",6459,4776,73.9,4133,64,68,58.3,"CHESTERMERE","CALGARY"
"Z2.6.B.02","40-59 years",7138,5973,83.7,5479,76.8,78.5,72.1,"CHESTERMERE","CALGARY"
"Z2.6.B.02","60-74 years",3422,3162,92.4,3038,88.8,89.8,86.4,"CHESTERMERE","CALGARY"
"Z2.6.B.02","75+ years",1083,1057,97.6,1036,95.6,91.3,89.7,"CHESTERMERE","CALGARY"
"Z2.6.B.02","ALL years",25015,17370,69.4,15756,63,66.6,59.7,"CHESTERMERE","CALGARY"
"Z2.6.C.03","12-19 years",4133,2710,65.6,2230,54,69.2,59.8,"STRATHMORE","CALGARY"
"Z2.6.C.03","12+ years",30184,22012,72.9,19566,64.8,78.3,70.2,"STRATHMORE","CALGARY"
"Z2.6.C.03","20-39 years",8831,5300,60,4383,49.6,68,58.3,"STRATHMORE","CALGARY"
"Z2.6.C.03","40-59 years",9944,7410,74.5,6668,67.1,78.5,72.1,"STRATHMORE","CALGARY"
"Z2.6.C.03","60-74 years",5378,4670,86.8,4464,83,89.8,86.4,"STRATHMORE","CALGARY"
"Z2.6.C.03","75+ years",1897,1744,91.9,1705,89.9,91.3,89.7,"STRATHMORE","CALGARY"
"Z2.6.C.03","ALL years",35685,22012,61.7,19566,54.8,66.6,59.7,"STRATHMORE","CALGARY"
"Z2.6.C.04","12-19 years",876,499,57,413,47.2,69.2,59.8,"CROSSFIELD","CALGARY"
"Z2.6.C.04","12+ years",7908,5116,64.7,4623,58.5,78.3,70.2,"CROSSFIELD","CALGARY"
"Z2.6.C.04","20-39 years",2232,1119,50.1,927,41.5,68,58.3,"CROSSFIELD","CALGARY"
"Z2.6.C.04","40-59 years",2574,1675,65.1,1510,58.7,78.5,72.1,"CROSSFIELD","CALGARY"
"Z2.6.C.04","60-74 years",1743,1388,79.6,1346,77.2,89.8,86.4,"CROSSFIELD","CALGARY"
"Z2.6.C.04","75+ years",482,406,84.2,407,84.4,91.3,89.7,"CROSSFIELD","CALGARY"
"Z2.6.C.04","ALL years",9164,5116,55.8,4623,50.4,66.6,59.7,"CROSSFIELD","CALGARY"
"Z2.6.C.05","12-19 years",1656,808,48.8,685,41.4,69.2,59.8,"DIDSBURY","CALGARY"
"Z2.6.C.05","12+ years",14099,9179,65.1,8280,58.7,78.3,70.2,"DIDSBURY","CALGARY"
"Z2.6.C.05","20-39 years",3607,1696,47,1395,38.7,68,58.3,"DIDSBURY","CALGARY"
"Z2.6.C.05","40-59 years",4440,2833,63.8,2537,57.1,78.5,72.1,"DIDSBURY","CALGARY"
"Z2.6.C.05","60-74 years",3217,2672,83.1,2527,78.6,89.8,86.4,"DIDSBURY","CALGARY"
"Z2.6.C.05","75+ years",1178,1110,94.2,1095,92.9,91.3,89.7,"DIDSBURY","CALGARY"
"Z2.6.C.05","ALL years",16475,9179,55.7,8280,50.3,66.6,59.7,"DIDSBURY","CALGARY"
"Z2.7.A.01","12-19 years",5229,3890,74.4,3425,65.5,69.2,59.8,"COCHRANE-SPRINGBANK","CALGARY"
"Z2.7.A.01","12+ years",43490,34842,80.1,32111,73.8,78.3,70.2,"COCHRANE-SPRINGBANK","CALGARY"
"Z2.7.A.01","20-39 years",12307,8585,69.8,7460,60.6,68,58.3,"COCHRANE-SPRINGBANK","CALGARY"
"Z2.7.A.01","40-59 years",13975,11214,80.2,10459,74.8,78.5,72.1,"COCHRANE-SPRINGBANK","CALGARY"
"Z2.7.A.01","60-74 years",9234,8289,89.8,7990,86.5,89.8,86.4,"COCHRANE-SPRINGBANK","CALGARY"
"Z2.7.A.01","75+ years",2744,2636,96.1,2627,95.7,91.3,89.7,"COCHRANE-SPRINGBANK","CALGARY"
"Z2.7.A.01","ALL years",50816,34842,68.6,32111,63.2,66.6,59.7,"COCHRANE-SPRINGBANK","CALGARY"
"Z2.7.B.02","12-19 years",2491,2110,84.7,1738,69.8,69.2,59.8,"CANMORE","CALGARY"
"Z2.7.B.02","12+ years",24091,20144,83.6,17801,73.9,78.3,70.2,"CANMORE","CALGARY"
"Z2.7.B.02","20-39 years",8313,6208,74.7,5082,61.1,68,58.3,"CANMORE","CALGARY"
"Z2.7.B.02","40-59 years",7614,6377,83.7,5777,75.9,78.5,72.1,"CANMORE","CALGARY"
"Z2.7.B.02","60-74 years",4475,4182,93.4,3991,89.2,89.8,86.4,"CANMORE","CALGARY"
"Z2.7.B.02","75+ years",1197,1145,95.7,1136,94.9,91.3,89.7,"CANMORE","CALGARY"
"Z2.7.B.02","ALL years",27674,20144,72.8,17801,64.3,66.6,59.7,"CANMORE","CALGARY"
"Z2.7.B.03","12-19 years",697,569,81.7,451,64.8,69.2,59.8,"BANFF","CALGARY"
"Z2.7.B.03","12+ years",12678,9194,72.5,7768,61.3,78.3,70.2,"BANFF","CALGARY"
"Z2.7.B.03","20-39 years",7720,5043,65.3,3957,51.3,68,58.3,"BANFF","CALGARY"
"Z2.7.B.03","40-59 years",2933,2371,80.8,2166,73.9,78.5,72.1,"BANFF","CALGARY"
"Z2.7.B.03","60-74 years",1035,921,89,911,88.1,89.8,86.4,"BANFF","CALGARY"
"Z2.7.B.03","75+ years",294,268,91.2,270,91.9,91.3,89.7,"BANFF","CALGARY"
"Z2.7.B.03","ALL years",13451,9194,68.4,7768,57.7,66.6,59.7,"BANFF","CALGARY"
"Z3.1.A.01","12-19 years",2146,818,38.1,674,31.4,69.2,59.8,"ROCKY MOUNTAIN HOUSE","CENTRAL"
"Z3.1.A.01","12+ years",17407,9911,56.9,8825,50.7,78.3,70.2,"ROCKY MOUNTAIN HOUSE","CENTRAL"
"Z3.1.A.01","20-39 years",5146,1999,38.8,1618,31.4,68,58.3,"ROCKY MOUNTAIN HOUSE","CENTRAL"
"Z3.1.A.01","40-59 years",5256,3092,58.8,2714,51.6,78.5,72.1,"ROCKY MOUNTAIN HOUSE","CENTRAL"
"Z3.1.A.01","60-74 years",3511,2800,79.7,2653,75.6,89.8,86.4,"ROCKY MOUNTAIN HOUSE","CENTRAL"
"Z3.1.A.01","75+ years",1348,1166,86.5,1147,85.1,91.3,89.7,"ROCKY MOUNTAIN HOUSE","CENTRAL"
"Z3.1.A.01","ALL years",20389,9911,48.6,8825,43.3,66.6,59.7,"ROCKY MOUNTAIN HOUSE","CENTRAL"
"Z3.1.B.02","12-19 years",1821,701,38.5,521,28.6,69.2,59.8,"DRAYTON VALLEY","CENTRAL"
"Z3.1.B.02","12+ years",15370,8371,54.5,7347,47.8,78.3,70.2,"DRAYTON VALLEY","CENTRAL"
"Z3.1.B.02","20-39 years",4752,1772,37.3,1414,29.8,68,58.3,"DRAYTON VALLEY","CENTRAL"
"Z3.1.B.02","40-59 years",4830,2651,54.9,2333,48.3,78.5,72.1,"DRAYTON VALLEY","CENTRAL"
"Z3.1.B.02","60-74 years",2905,2309,79.5,2181,75.1,89.8,86.4,"DRAYTON VALLEY","CENTRAL"
"Z3.1.B.02","75+ years",1062,906,85.3,878,82.7,91.3,89.7,"DRAYTON VALLEY","CENTRAL"
"Z3.1.B.02","ALL years",18075,8371,46.3,7347,40.6,66.6,59.7,"DRAYTON VALLEY","CENTRAL"
"Z3.2.A.01","12-19 years",633,237,37.4,205,32.4,69.2,59.8,"SUNDRE","CENTRAL"
"Z3.2.A.01","12+ years",6039,3532,58.5,3231,53.5,78.3,70.2,"SUNDRE","CENTRAL"
"Z3.2.A.01","20-39 years",1424,529,37.2,416,29.2,68,58.3,"SUNDRE","CENTRAL"
"Z3.2.A.01","40-59 years",1767,990,56,874,49.5,78.5,72.1,"SUNDRE","CENTRAL"
"Z3.2.A.01","60-74 years",1587,1232,77.6,1203,75.8,89.8,86.4,"SUNDRE","CENTRAL"
"Z3.2.A.01","75+ years",628,538,85.6,531,84.5,91.3,89.7,"SUNDRE","CENTRAL"
"Z3.2.A.01","ALL years",6782,3532,52.1,3231,47.6,66.6,59.7,"SUNDRE","CENTRAL"
"Z3.2.A.02","12-19 years",1159,658,56.8,523,45.1,69.2,59.8,"OLDS","CENTRAL"
"Z3.2.A.02","12+ years",10997,7670,69.7,6917,62.9,78.3,70.2,"OLDS","CENTRAL"
"Z3.2.A.02","20-39 years",3171,1753,55.3,1440,45.4,68,58.3,"OLDS","CENTRAL"
"Z3.2.A.02","40-59 years",3112,2165,69.6,1932,62.1,78.5,72.1,"OLDS","CENTRAL"
"Z3.2.A.02","60-74 years",2231,1921,86.1,1862,83.5,89.8,86.4,"OLDS","CENTRAL"
"Z3.2.A.02","75+ years",1324,1149,86.8,1142,86.3,91.3,89.7,"OLDS","CENTRAL"
"Z3.2.A.02","ALL years",12597,7670,60.9,6917,54.9,66.6,59.7,"OLDS","CENTRAL"
"Z3.2.B.03","12-19 years",1470,751,51.1,631,42.9,69.2,59.8,"INNISFAIL","CENTRAL"
"Z3.2.B.03","12+ years",14040,10032,71.5,9097,64.8,78.3,70.2,"INNISFAIL","CENTRAL"
"Z3.2.B.03","20-39 years",3792,2090,55.1,1746,46,68,58.3,"INNISFAIL","CENTRAL"
"Z3.2.B.03","40-59 years",4159,3060,73.6,2719,65.4,78.5,72.1,"INNISFAIL","CENTRAL"
"Z3.2.B.03","60-74 years",3187,2783,87.3,2680,84.1,89.8,86.4,"INNISFAIL","CENTRAL"
"Z3.2.B.03","75+ years",1432,1320,92.2,1297,90.6,91.3,89.7,"INNISFAIL","CENTRAL"
"Z3.2.B.03","ALL years",15939,10032,62.9,9097,57.1,66.6,59.7,"INNISFAIL","CENTRAL"
"Z3.2.C.04","12-19 years",2739,1362,49.7,1107,40.4,69.2,59.8,"RED DEER COUNTY","CENTRAL"
"Z3.2.C.04","12+ years",24510,14464,59,12853,52.4,78.3,70.2,"RED DEER COUNTY","CENTRAL"
"Z3.2.C.04","20-39 years",8731,3887,44.5,3180,36.4,68,58.3,"RED DEER COUNTY","CENTRAL"
"Z3.2.C.04","40-59 years",7394,4569,61.8,4079,55.2,78.5,72.1,"RED DEER COUNTY","CENTRAL"
"Z3.2.C.04","60-74 years",4347,3439,79.1,3296,75.8,89.8,86.4,"RED DEER COUNTY","CENTRAL"
"Z3.2.C.04","75+ years",1299,1147,88.3,1140,87.8,91.3,89.7,"RED DEER COUNTY","CENTRAL"
"Z3.2.C.04","ALL years",29495,14464,49,12853,43.6,66.6,59.7,"RED DEER COUNTY","CENTRAL"
"Z3.2.C.05","12-19 years",1853,903,48.7,742,40,69.2,59.8,"SYLVAN LAKE","CENTRAL"
"Z3.2.C.05","12+ years",15072,8908,59.1,7736,51.3,78.3,70.2,"SYLVAN LAKE","CENTRAL"
"Z3.2.C.05","20-39 years",5654,2501,44.2,1955,34.6,68,58.3,"SYLVAN LAKE","CENTRAL"
"Z3.2.C.05","40-59 years",4664,2994,64.2,2620,56.2,78.5,72.1,"SYLVAN LAKE","CENTRAL"
"Z3.2.C.05","60-74 years",2283,1892,82.9,1831,80.2,89.8,86.4,"SYLVAN LAKE","CENTRAL"
"Z3.2.C.05","75+ years",617,564,91.4,553,89.6,91.3,89.7,"SYLVAN LAKE","CENTRAL"
"Z3.2.C.05","ALL years",18013,8908,49.5,7736,42.9,66.6,59.7,"SYLVAN LAKE","CENTRAL"
"Z3.3.A.01","12-19 years",1125,495,44,363,32.3,69.2,59.8,"THREE HILLS/HIGHWAY 21","CENTRAL"
"Z3.3.A.01","12+ years",9283,5638,60.7,4926,53.1,78.3,70.2,"THREE HILLS/HIGHWAY 21","CENTRAL"
"Z3.3.A.01","20-39 years",2484,1157,46.6,932,37.5,68,58.3,"THREE HILLS/HIGHWAY 21","CENTRAL"
"Z3.3.A.01","40-59 years",2670,1607,60.2,1423,53.3,78.5,72.1,"THREE HILLS/HIGHWAY 21","CENTRAL"
"Z3.3.A.01","60-74 years",2007,1557,77.6,1425,71,89.8,86.4,"THREE HILLS/HIGHWAY 21","CENTRAL"
"Z3.3.A.01","75+ years",997,796,79.8,761,76.3,91.3,89.7,"THREE HILLS/HIGHWAY 21","CENTRAL"
"Z3.3.A.01","ALL years",10816,5638,52.1,4926,45.5,66.6,59.7,"THREE HILLS/HIGHWAY 21","CENTRAL"
"Z3.3.A.02","12-19 years",1126,633,56.2,514,45.7,69.2,59.8,"STARLAND COUNTY/DRUMHELLER","CENTRAL"
"Z3.3.A.02","12+ years",10333,7492,72.5,6590,63.8,78.3,70.2,"STARLAND COUNTY/DRUMHELLER","CENTRAL"
"Z3.3.A.02","20-39 years",2844,1787,62.8,1465,51.5,68,58.3,"STARLAND COUNTY/DRUMHELLER","CENTRAL"
"Z3.3.A.02","40-59 years",3100,2189,70.6,1900,61.3,78.5,72.1,"STARLAND COUNTY/DRUMHELLER","CENTRAL"
"Z3.3.A.02","60-74 years",2316,1988,85.8,1843,79.6,89.8,86.4,"STARLAND COUNTY/DRUMHELLER","CENTRAL"
"Z3.3.A.02","75+ years",947,872,92.1,857,90.5,91.3,89.7,"STARLAND COUNTY/DRUMHELLER","CENTRAL"
"Z3.3.A.02","ALL years",11802,7492,63.5,6590,55.8,66.6,59.7,"STARLAND COUNTY/DRUMHELLER","CENTRAL"
"Z3.3.A.04","12-19 years",341,131,38.4,116,34,69.2,59.8,"PLANNING & SPECIAL AREA 2","CENTRAL"
"Z3.3.A.04","12+ years",3232,1951,60.4,1750,54.1,78.3,70.2,"PLANNING & SPECIAL AREA 2","CENTRAL"
"Z3.3.A.04","20-39 years",776,337,43.4,264,34,68,58.3,"PLANNING & SPECIAL AREA 2","CENTRAL"
"Z3.3.A.04","40-59 years",959,577,60.1,500,52.1,78.5,72.1,"PLANNING & SPECIAL AREA 2","CENTRAL"
"Z3.3.A.04","60-74 years",781,569,72.8,541,69.2,89.8,86.4,"PLANNING & SPECIAL AREA 2","CENTRAL"
"Z3.3.A.04","75+ years",374,331,88.4,325,86.8,91.3,89.7,"PLANNING & SPECIAL AREA 2","CENTRAL"
"Z3.3.A.04","ALL years",3648,1951,53.5,1750,48,66.6,59.7,"PLANNING & SPECIAL AREA 2","CENTRAL"
"Z3.3.B.03","12-19 years",1183,487,41.2,398,33.6,69.2,59.8,"STETTLER & COUNTY","CENTRAL"
"Z3.3.B.03","12+ years",10670,6312,59.2,5740,53.8,78.3,70.2,"STETTLER & COUNTY","CENTRAL"
"Z3.3.B.03","20-39 years",3021,1223,40.5,1004,33.2,68,58.3,"STETTLER & COUNTY","CENTRAL"
"Z3.3.B.03","40-59 years",3021,1805,59.7,1638,54.2,78.5,72.1,"STETTLER & COUNTY","CENTRAL"
"Z3.3.B.03","60-74 years",2312,1795,77.6,1726,74.6,89.8,86.4,"STETTLER & COUNTY","CENTRAL"
"Z3.3.B.03","75+ years",1131,984,87,962,85,91.3,89.7,"STETTLER & COUNTY","CENTRAL"
"Z3.3.B.03","ALL years",12520,6312,50.4,5740,45.8,66.6,59.7,"STETTLER & COUNTY","CENTRAL"
"Z3.3.B.05","12-19 years",666,257,38.6,204,30.6,69.2,59.8,"CASTOR/CORONATION/CONSORT","CENTRAL"
"Z3.3.B.05","12+ years",5266,3005,57.1,2728,51.8,78.3,70.2,"CASTOR/CORONATION/CONSORT","CENTRAL"
"Z3.3.B.05","20-39 years",1389,568,40.9,471,33.9,68,58.3,"CASTOR/CORONATION/CONSORT","CENTRAL"
"Z3.3.B.05","40-59 years",1520,829,54.5,730,48,78.5,72.1,"CASTOR/CORONATION/CONSORT","CENTRAL"
"Z3.3.B.05","60-74 years",1173,920,78.4,907,77.3,89.8,86.4,"CASTOR/CORONATION/CONSORT","CENTRAL"
"Z3.3.B.05","75+ years",518,419,80.9,410,79.2,91.3,89.7,"CASTOR/CORONATION/CONSORT","CENTRAL"
"Z3.3.B.05","ALL years",6160,3005,48.8,2728,44.3,66.6,59.7,"CASTOR/CORONATION/CONSORT","CENTRAL"
"Z3.4.A.01","12-19 years",3849,1843,47.9,1370,35.6,69.2,59.8,"WETASKIWIN COUNTY","CENTRAL"
"Z3.4.A.01","12+ years",27993,18108,64.7,15783,56.4,78.3,70.2,"WETASKIWIN COUNTY","CENTRAL"
"Z3.4.A.01","20-39 years",8372,4173,49.8,3306,39.5,68,58.3,"WETASKIWIN COUNTY","CENTRAL"
"Z3.4.A.01","40-59 years",7865,5343,67.9,4636,58.9,78.5,72.1,"WETASKIWIN COUNTY","CENTRAL"
"Z3.4.A.01","60-74 years",5542,4524,81.6,4315,77.9,89.8,86.4,"WETASKIWIN COUNTY","CENTRAL"
"Z3.4.A.01","75+ years",2365,2131,90.1,2101,88.9,91.3,89.7,"WETASKIWIN COUNTY","CENTRAL"
"Z3.4.A.01","ALL years",33715,18108,53.7,15783,46.8,66.6,59.7,"WETASKIWIN COUNTY","CENTRAL"
"Z3.4.B.02","12-19 years",1197,498,41.6,414,34.6,69.2,59.8,"PONOKA","CENTRAL"
"Z3.4.B.02","12+ years",10503,6516,62,5888,56.1,78.3,70.2,"PONOKA","CENTRAL"
"Z3.4.B.02","20-39 years",3182,1449,45.5,1216,38.2,68,58.3,"PONOKA","CENTRAL"
"Z3.4.B.02","40-59 years",2983,1974,66.2,1751,58.7,78.5,72.1,"PONOKA","CENTRAL"
"Z3.4.B.02","60-74 years",2142,1716,80.1,1640,76.6,89.8,86.4,"PONOKA","CENTRAL"
"Z3.4.B.02","75+ years",998,863,86.5,857,85.9,91.3,89.7,"PONOKA","CENTRAL"
"Z3.4.B.02","ALL years",12399,6516,52.6,5888,47.5,66.6,59.7,"PONOKA","CENTRAL"
"Z3.4.B.03","12-19 years",890,337,37.9,273,30.7,69.2,59.8,"RIMBEY","CENTRAL"
"Z3.4.B.03","12+ years",8661,4897,56.5,4438,51.2,78.3,70.2,"RIMBEY","CENTRAL"
"Z3.4.B.03","20-39 years",2214,779,35.2,630,28.5,68,58.3,"RIMBEY","CENTRAL"
"Z3.4.B.03","40-59 years",2474,1290,52.1,1138,46,78.5,72.1,"RIMBEY","CENTRAL"
"Z3.4.B.03","60-74 years",2174,1702,78.3,1625,74.8,89.8,86.4,"RIMBEY","CENTRAL"
"Z3.4.B.03","75+ years",910,770,84.6,758,83.3,91.3,89.7,"RIMBEY","CENTRAL"
"Z3.4.B.03","ALL years",10013,4897,48.9,4438,44.3,66.6,59.7,"RIMBEY","CENTRAL"
"Z3.4.B.04","12-19 years",2417,1171,48.5,924,38.2,69.2,59.8,"LACOMBE","CENTRAL"
"Z3.4.B.04","12+ years",19927,12584,63.2,11258,56.5,78.3,70.2,"LACOMBE","CENTRAL"
"Z3.4.B.04","20-39 years",6112,2938,48.1,2425,39.7,68,58.3,"LACOMBE","CENTRAL"
"Z3.4.B.04","40-59 years",5814,3808,65.5,3429,59,78.5,72.1,"LACOMBE","CENTRAL"
"Z3.4.B.04","60-74 years",3945,3171,80.4,3033,76.9,89.8,86.4,"LACOMBE","CENTRAL"
"Z3.4.B.04","75+ years",1639,1431,87.3,1408,85.9,91.3,89.7,"LACOMBE","CENTRAL"
"Z3.4.B.04","ALL years",23417,12584,53.7,11258,48.1,66.6,59.7,"LACOMBE","CENTRAL"
"Z3.5.A.01","12-19 years",2723,1663,61.1,1416,52,69.2,59.8,"CAMROSE & COUNTY","CENTRAL"
"Z3.5.A.01","12+ years",26001,18979,73,17417,67,78.3,70.2,"CAMROSE & COUNTY","CENTRAL"
"Z3.5.A.01","20-39 years",7569,4413,58.3,3757,49.6,68,58.3,"CAMROSE & COUNTY","CENTRAL"
"Z3.5.A.01","40-59 years",7205,5259,73,4776,66.3,78.5,72.1,"CAMROSE & COUNTY","CENTRAL"
"Z3.5.A.01","60-74 years",5568,4811,86.4,4697,84.4,89.8,86.4,"CAMROSE & COUNTY","CENTRAL"
"Z3.5.A.01","75+ years",2937,2733,93.1,2701,92,91.3,89.7,"CAMROSE & COUNTY","CENTRAL"
"Z3.5.A.01","ALL years",30125,18979,63,17417,57.8,66.6,59.7,"CAMROSE & COUNTY","CENTRAL"
"Z3.5.B.02","12-19 years",725,355,49,304,41.9,69.2,59.8,"TOFIELD","CENTRAL"
"Z3.5.B.02","12+ years",6696,4427,66.1,4019,60,78.3,70.2,"TOFIELD","CENTRAL"
"Z3.5.B.02","20-39 years",1797,946,52.6,817,45.5,68,58.3,"TOFIELD","CENTRAL"
"Z3.5.B.02","40-59 years",2038,1331,65.3,1189,58.3,78.5,72.1,"TOFIELD","CENTRAL"
"Z3.5.B.02","60-74 years",1527,1267,83,1198,78.4,89.8,86.4,"TOFIELD","CENTRAL"
"Z3.5.B.02","75+ years",609,514,84.4,502,82.5,91.3,89.7,"TOFIELD","CENTRAL"
"Z3.5.B.02","ALL years",7797,4427,56.8,4019,51.5,66.6,59.7,"TOFIELD","CENTRAL"
"Z3.5.B.03","12-19 years",211,113,53.5,102,48.3,69.2,59.8,"VIKING","CENTRAL"
"Z3.5.B.03","12+ years",2078,1400,67.4,1306,62.8,78.3,70.2,"VIKING","CENTRAL"
"Z3.5.B.03","20-39 years",497,270,54.3,240,48.3,68,58.3,"VIKING","CENTRAL"
"Z3.5.B.03","40-59 years",582,373,64,347,59.6,78.5,72.1,"VIKING","CENTRAL"
"Z3.5.B.03","60-74 years",504,393,77.9,376,74.6,89.8,86.4,"VIKING","CENTRAL"
"Z3.5.B.03","75+ years",283,245,86.4,238,84,91.3,89.7,"VIKING","CENTRAL"
"Z3.5.B.03","ALL years",2351,1400,59.5,1306,55.5,66.6,59.7,"VIKING","CENTRAL"
"Z3.5.B.04","12-19 years",818,447,54.7,389,47.6,69.2,59.8,"FLAGSTAFF COUNTY","CENTRAL"
"Z3.5.B.04","12+ years",7364,5137,69.8,4689,63.7,78.3,70.2,"FLAGSTAFF COUNTY","CENTRAL"
"Z3.5.B.04","20-39 years",1831,943,51.5,787,43,68,58.3,"FLAGSTAFF COUNTY","CENTRAL"
"Z3.5.B.04","40-59 years",2121,1439,67.9,1298,61.2,78.5,72.1,"FLAGSTAFF COUNTY","CENTRAL"
"Z3.5.B.04","60-74 years",1767,1546,87.5,1475,83.5,89.8,86.4,"FLAGSTAFF COUNTY","CENTRAL"
"Z3.5.B.04","75+ years",827,744,90,729,88.1,91.3,89.7,"FLAGSTAFF COUNTY","CENTRAL"
"Z3.5.B.04","ALL years",8426,5137,61,4689,55.7,66.6,59.7,"FLAGSTAFF COUNTY","CENTRAL"
"Z3.5.C.05","12-19 years",548,312,56.9,271,49.4,69.2,59.8,"MD OF PROVOST","CENTRAL"
"Z3.5.C.05","12+ years",4184,2752,65.8,2434,58.2,78.3,70.2,"MD OF PROVOST","CENTRAL"
"Z3.5.C.05","20-39 years",1229,592,48.2,467,38,68,58.3,"MD OF PROVOST","CENTRAL"
"Z3.5.C.05","40-59 years",1260,863,68.5,750,59.5,78.5,72.1,"MD OF PROVOST","CENTRAL"
"Z3.5.C.05","60-74 years",772,644,83.4,617,79.9,89.8,86.4,"MD OF PROVOST","CENTRAL"
"Z3.5.C.05","75+ years",374,329,87.9,322,86.1,91.3,89.7,"MD OF PROVOST","CENTRAL"
"Z3.5.C.05","ALL years",4860,2752,56.6,2434,50.1,66.6,59.7,"MD OF PROVOST","CENTRAL"
"Z3.5.C.06","12-19 years",1253,752,60,654,52.2,69.2,59.8,"MD OF WAINWRIGHT","CENTRAL"
"Z3.5.C.06","12+ years",10015,7194,71.8,6429,64.2,78.3,70.2,"MD OF WAINWRIGHT","CENTRAL"
"Z3.5.C.06","20-39 years",3184,1891,59.4,1605,50.4,68,58.3,"MD OF WAINWRIGHT","CENTRAL"
"Z3.5.C.06","40-59 years",2952,2206,74.7,1927,65.3,78.5,72.1,"MD OF WAINWRIGHT","CENTRAL"
"Z3.5.C.06","60-74 years",1855,1620,87.3,1542,83.1,89.8,86.4,"MD OF WAINWRIGHT","CENTRAL"
"Z3.5.C.06","75+ years",771,686,89,675,87.6,91.3,89.7,"MD OF WAINWRIGHT","CENTRAL"
"Z3.5.C.06","ALL years",11915,7194,60.4,6429,54,66.6,59.7,"MD OF WAINWRIGHT","CENTRAL"
"Z3.6.A.01","12-19 years",515,290,56.3,246,47.8,69.2,59.8,"LAMONT COUNTY","CENTRAL"
"Z3.6.A.01","12+ years",5537,3705,66.9,3358,60.6,78.3,70.2,"LAMONT COUNTY","CENTRAL"
"Z3.6.A.01","20-39 years",1476,706,47.8,572,38.8,68,58.3,"LAMONT COUNTY","CENTRAL"
"Z3.6.A.01","40-59 years",1587,1037,65.3,932,58.7,78.5,72.1,"LAMONT COUNTY","CENTRAL"
"Z3.6.A.01","60-74 years",1367,1127,82.5,1075,78.6,89.8,86.4,"LAMONT COUNTY","CENTRAL"
"Z3.6.A.01","75+ years",592,530,89.5,523,88.3,91.3,89.7,"LAMONT COUNTY","CENTRAL"
"Z3.6.A.01","ALL years",6388,3705,58,3358,52.6,66.6,59.7,"LAMONT COUNTY","CENTRAL"
"Z3.6.A.02","12-19 years",735,100,13.6,85,11.6,69.2,59.8,"TWO HILLS COUNTY","CENTRAL"
"Z3.6.A.02","12+ years",4425,1860,42,1701,38.4,78.3,70.2,"TWO HILLS COUNTY","CENTRAL"
"Z3.6.A.02","20-39 years",1358,283,20.8,240,17.7,68,58.3,"TWO HILLS COUNTY","CENTRAL"
"Z3.6.A.02","40-59 years",1099,480,43.7,410,37.3,78.5,72.1,"TWO HILLS COUNTY","CENTRAL"
"Z3.6.A.02","60-74 years",799,615,77,592,74.1,89.8,86.4,"TWO HILLS COUNTY","CENTRAL"
"Z3.6.A.02","75+ years",434,374,86.1,370,85.2,91.3,89.7,"TWO HILLS COUNTY","CENTRAL"
"Z3.6.A.02","ALL years",5579,1860,33.3,1701,30.5,66.6,59.7,"TWO HILLS COUNTY","CENTRAL"
"Z3.6.A.03","12-19 years",938,500,53.3,423,45.1,69.2,59.8,"VEGREVILLE/MINBURN COUNTY","CENTRAL"
"Z3.6.A.03","12+ years",9025,6403,70.9,5831,64.6,78.3,70.2,"VEGREVILLE/MINBURN COUNTY","CENTRAL"
"Z3.6.A.03","20-39 years",2356,1286,54.6,1058,44.9,68,58.3,"VEGREVILLE/MINBURN COUNTY","CENTRAL"
"Z3.6.A.03","40-59 years",2622,1849,70.5,1678,64,78.5,72.1,"VEGREVILLE/MINBURN COUNTY","CENTRAL"
"Z3.6.A.03","60-74 years",1975,1699,86,1645,83.3,89.8,86.4,"VEGREVILLE/MINBURN COUNTY","CENTRAL"
"Z3.6.A.03","75+ years",1134,1042,91.9,1016,89.6,91.3,89.7,"VEGREVILLE/MINBURN COUNTY","CENTRAL"
"Z3.6.A.03","ALL years",10323,6403,62,5831,56.5,66.6,59.7,"VEGREVILLE/MINBURN COUNTY","CENTRAL"
"Z3.6.B.04","12-19 years",3942,1665,42.2,1049,26.6,69.2,59.8,"VERMILION RIVER COUNTY","CENTRAL"
"Z3.6.B.04","12+ years",31122,15117,48.6,10254,32.9,78.3,70.2,"VERMILION RIVER COUNTY","CENTRAL"
"Z3.6.B.04","20-39 years",10076,3718,36.9,2385,23.7,68,58.3,"VERMILION RIVER COUNTY","CENTRAL"
"Z3.6.B.04","40-59 years",9478,4363,46,2874,30.3,78.5,72.1,"VERMILION RIVER COUNTY","CENTRAL"
"Z3.6.B.04","60-74 years",5320,3643,68.5,2696,50.7,89.8,86.4,"VERMILION RIVER COUNTY","CENTRAL"
"Z3.6.B.04","75+ years",2307,1653,71.7,1198,51.9,91.3,89.7,"VERMILION RIVER COUNTY","CENTRAL"
"Z3.6.B.04","ALL years",36740,15117,41.1,10254,27.9,66.6,59.7,"VERMILION RIVER COUNTY","CENTRAL"
"Z3.7.A.01","12-19 years",3495,1956,56,1631,46.7,69.2,59.8,"RED DEER - NORTH","CENTRAL"
"Z3.7.A.01","12+ years",30295,20010,66.1,17817,58.8,78.3,70.2,"RED DEER - NORTH","CENTRAL"
"Z3.7.A.01","20-39 years",11227,5850,52.1,4790,42.7,68,58.3,"RED DEER - NORTH","CENTRAL"
"Z3.7.A.01","40-59 years",9082,6387,70.3,5776,63.6,78.5,72.1,"RED DEER - NORTH","CENTRAL"
"Z3.7.A.01","60-74 years",4794,4152,86.6,3998,83.4,89.8,86.4,"RED DEER - NORTH","CENTRAL"
"Z3.7.A.01","75+ years",1697,1557,91.8,1547,91.2,91.3,89.7,"RED DEER - NORTH","CENTRAL"
"Z3.7.A.01","ALL years",35640,20010,56.1,17817,50,66.6,59.7,"RED DEER - NORTH","CENTRAL"
"Z3.7.B.02","12-19 years",1044,582,55.7,465,44.5,69.2,59.8,"RED DEER - SW","CENTRAL"
"Z3.7.B.02","12+ years",13907,9057,65.1,8015,57.6,78.3,70.2,"RED DEER - SW","CENTRAL"
"Z3.7.B.02","20-39 years",4913,2556,52,2087,42.5,68,58.3,"RED DEER - SW","CENTRAL"
"Z3.7.B.02","40-59 years",4114,2720,66.1,2393,58.2,78.5,72.1,"RED DEER - SW","CENTRAL"
"Z3.7.B.02","60-74 years",2601,2135,82.1,2031,78.1,89.8,86.4,"RED DEER - SW","CENTRAL"
"Z3.7.B.02","75+ years",1235,1040,84.2,1021,82.7,91.3,89.7,"RED DEER - SW","CENTRAL"
"Z3.7.B.02","ALL years",15679,9057,57.8,8015,51.1,66.6,59.7,"RED DEER - SW","CENTRAL"
"Z3.7.C.03","12-19 years",5673,3694,65.1,3226,56.9,69.2,59.8,"RED DEER - EAST","CENTRAL"
"Z3.7.C.03","12+ years",47056,34321,72.9,31536,67,78.3,70.2,"RED DEER - EAST","CENTRAL"
"Z3.7.C.03","20-39 years",15749,9503,60.3,8315,52.8,68,58.3,"RED DEER - EAST","CENTRAL"
"Z3.7.C.03","40-59 years",14738,10996,74.6,10179,69.1,78.5,72.1,"RED DEER - EAST","CENTRAL"
"Z3.7.C.03","60-74 years",7823,7095,90.7,6908,88.3,89.8,86.4,"RED DEER - EAST","CENTRAL"
"Z3.7.C.03","75+ years",3074,2820,91.7,2776,90.3,91.3,89.7,"RED DEER - EAST","CENTRAL"
"Z3.7.C.03","ALL years",55069,34321,62.3,31536,57.3,66.6,59.7,"RED DEER - EAST","CENTRAL"
"Z4.1.A.01","12-19 years",3178,2234,70.3,1855,58.4,69.2,59.8,"EDMONTON - WOODCROFT EAST","EDMONTON"
"Z4.1.A.01","12+ years",54248,40666,75,36343,67,78.3,70.2,"EDMONTON - WOODCROFT EAST","EDMONTON"
"Z4.1.A.01","20-39 years",22925,15518,67.7,13272,57.9,68,58.3,"EDMONTON - WOODCROFT EAST","EDMONTON"
"Z4.1.A.01","40-59 years",15911,12002,75.4,10806,67.9,78.5,72.1,"EDMONTON - WOODCROFT EAST","EDMONTON"
"Z4.1.A.01","60-74 years",8480,7446,87.8,7078,83.5,89.8,86.4,"EDMONTON - WOODCROFT EAST","EDMONTON"
"Z4.1.A.01","75+ years",3755,3364,89.6,3262,86.9,91.3,89.7,"EDMONTON - WOODCROFT EAST","EDMONTON"
"Z4.1.A.01","ALL years",60664,40666,67,36343,59.9,66.6,59.7,"EDMONTON - WOODCROFT EAST","EDMONTON"
"Z4.1.B.02","12-19 years",2553,2026,79.3,1763,69,69.2,59.8,"EDMONTON - WOODCROFT WEST","EDMONTON"
"Z4.1.B.02","12+ years",28194,22869,81.1,20851,74,78.3,70.2,"EDMONTON - WOODCROFT WEST","EDMONTON"
"Z4.1.B.02","20-39 years",9952,7241,72.8,6290,63.2,68,58.3,"EDMONTON - WOODCROFT WEST","EDMONTON"
"Z4.1.B.02","40-59 years",8844,7293,82.5,6673,75.4,78.5,72.1,"EDMONTON - WOODCROFT WEST","EDMONTON"
"Z4.1.B.02","60-74 years",4995,4490,89.9,4364,87.4,89.8,86.4,"EDMONTON - WOODCROFT WEST","EDMONTON"
"Z4.1.B.02","75+ years",1850,1717,92.8,1686,91.2,91.3,89.7,"EDMONTON - WOODCROFT WEST","EDMONTON"
"Z4.1.B.02","ALL years",33002,22869,69.3,20851,63.2,66.6,59.7,"EDMONTON - WOODCROFT WEST","EDMONTON"
"Z4.1.C.03","12-19 years",3945,2793,70.8,2351,59.6,69.2,59.8,"EDMONTON - JASPER PLACE","EDMONTON"
"Z4.1.C.03","12+ years",40982,31100,75.9,27948,68.2,78.3,70.2,"EDMONTON - JASPER PLACE","EDMONTON"
"Z4.1.C.03","20-39 years",13963,9321,66.8,7780,55.7,68,58.3,"EDMONTON - JASPER PLACE","EDMONTON"
"Z4.1.C.03","40-59 years",12394,9606,77.5,8759,70.7,78.5,72.1,"EDMONTON - JASPER PLACE","EDMONTON"
"Z4.1.C.03","60-74 years",6818,5925,86.9,5685,83.4,89.8,86.4,"EDMONTON - JASPER PLACE","EDMONTON"
"Z4.1.C.03","75+ years",3861,3323,86.1,3284,85.1,91.3,89.7,"EDMONTON - JASPER PLACE","EDMONTON"
"Z4.1.C.03","ALL years",46923,31100,66.3,27948,59.6,66.6,59.7,"EDMONTON - JASPER PLACE","EDMONTON"
"Z4.1.D.04","12-19 years",9806,8194,83.6,7501,76.5,69.2,59.8,"EDMONTON - WEST JASPER PLACE","EDMONTON"
"Z4.1.D.04","12+ years",87045,76400,87.8,71806,82.5,78.3,70.2,"EDMONTON - WEST JASPER PLACE","EDMONTON"
"Z4.1.D.04","20-39 years",29827,23984,80.4,21736,72.9,68,58.3,"EDMONTON - WEST JASPER PLACE","EDMONTON"
"Z4.1.D.04","40-59 years",27759,24625,88.7,23405,84.3,78.5,72.1,"EDMONTON - WEST JASPER PLACE","EDMONTON"
"Z4.1.D.04","60-74 years",14584,14208,97.4,14011,96.1,89.8,86.4,"EDMONTON - WEST JASPER PLACE","EDMONTON"
"Z4.1.D.04","75+ years",5069,4851,95.7,4755,93.8,91.3,89.7,"EDMONTON - WEST JASPER PLACE","EDMONTON"
"Z4.1.D.04","ALL years",103462,76400,73.8,71806,69.4,66.6,59.7,"EDMONTON - WEST JASPER PLACE","EDMONTON"
"Z4.2.A.01","12-19 years",7314,5308,72.6,4530,61.9,69.2,59.8,"EDMONTON - CASTLE DOWNS","EDMONTON"
"Z4.2.A.01","12+ years",59303,47616,80.3,43333,73.1,78.3,70.2,"EDMONTON - CASTLE DOWNS","EDMONTON"
"Z4.2.A.01","20-39 years",20895,14764,70.7,12720,60.9,68,58.3,"EDMONTON - CASTLE DOWNS","EDMONTON"
"Z4.2.A.01","40-59 years",18206,15045,82.6,13968,76.7,78.5,72.1,"EDMONTON - CASTLE DOWNS","EDMONTON"
"Z4.2.A.01","60-74 years",9347,8840,94.6,8585,91.9,89.8,86.4,"EDMONTON - CASTLE DOWNS","EDMONTON"
"Z4.2.A.01","75+ years",3541,3384,95.6,3356,94.8,91.3,89.7,"EDMONTON - CASTLE DOWNS","EDMONTON"
"Z4.2.A.01","ALL years",71594,47616,66.5,43333,60.5,66.6,59.7,"EDMONTON - CASTLE DOWNS","EDMONTON"
"Z4.2.B.02","12-19 years",7948,5448,68.5,4509,56.7,69.2,59.8,"EDMONTON - NORTHGATE","EDMONTON"
"Z4.2.B.02","12+ years",70694,54651,77.3,49041,69.4,78.3,70.2,"EDMONTON - NORTHGATE","EDMONTON"
"Z4.2.B.02","20-39 years",24024,16098,67,13504,56.2,68,58.3,"EDMONTON - NORTHGATE","EDMONTON"
"Z4.2.B.02","40-59 years",21031,16795,79.9,15163,72.1,78.5,72.1,"EDMONTON - NORTHGATE","EDMONTON"
"Z4.2.B.02","60-74 years",11430,10537,92.2,10281,89.9,89.8,86.4,"EDMONTON - NORTHGATE","EDMONTON"
"Z4.2.B.02","75+ years",6261,5533,88.4,5436,86.8,91.3,89.7,"EDMONTON - NORTHGATE","EDMONTON"
"Z4.2.B.02","ALL years",82969,54651,65.9,49041,59.1,66.6,59.7,"EDMONTON - NORTHGATE","EDMONTON"
"Z4.2.C.03","12-19 years",4330,2762,63.8,2156,49.8,69.2,59.8,"EDMONTON - EASTWOOD","EDMONTON"
"Z4.2.C.03","12+ years",64931,46208,71.2,39975,61.6,78.3,70.2,"EDMONTON - EASTWOOD","EDMONTON"
"Z4.2.C.03","20-39 years",26629,16745,62.9,13910,52.2,68,58.3,"EDMONTON - EASTWOOD","EDMONTON"
"Z4.2.C.03","40-59 years",20057,14523,72.4,12503,62.3,78.5,72.1,"EDMONTON - EASTWOOD","EDMONTON"
"Z4.2.C.03","60-74 years",10377,9032,87,8386,80.8,89.8,86.4,"EDMONTON - EASTWOOD","EDMONTON"
"Z4.2.C.03","75+ years",3537,3037,85.9,2945,83.3,91.3,89.7,"EDMONTON - EASTWOOD","EDMONTON"
"Z4.2.C.03","ALL years",72156,46208,64,39975,55.4,66.6,59.7,"EDMONTON - EASTWOOD","EDMONTON"
"Z4.2.D.04","12-19 years",1431,802,56.1,646,45.2,69.2,59.8,"EDMONTON - ABBOTTSFIELD","EDMONTON"
"Z4.2.D.04","12+ years",12251,8456,69,7359,60.1,78.3,70.2,"EDMONTON - ABBOTTSFIELD","EDMONTON"
"Z4.2.D.04","20-39 years",4173,2330,55.8,1841,44.1,68,58.3,"EDMONTON - ABBOTTSFIELD","EDMONTON"
"Z4.2.D.04","40-59 years",3726,2700,72.5,2380,63.9,78.5,72.1,"EDMONTON - ABBOTTSFIELD","EDMONTON"
"Z4.2.D.04","60-74 years",2020,1796,88.9,1683,83.3,89.8,86.4,"EDMONTON - ABBOTTSFIELD","EDMONTON"
"Z4.2.D.04","75+ years",901,800,88.8,796,88.4,91.3,89.7,"EDMONTON - ABBOTTSFIELD","EDMONTON"
"Z4.2.D.04","ALL years",14582,8456,58,7359,50.5,66.6,59.7,"EDMONTON - ABBOTTSFIELD","EDMONTON"
"Z4.2.E.05","12-19 years",8471,5976,70.5,4942,58.3,69.2,59.8,"EDMONTON - NE","EDMONTON"
"Z4.2.E.05","12+ years",75198,58555,77.9,52307,69.6,78.3,70.2,"EDMONTON - NE","EDMONTON"
"Z4.2.E.05","20-39 years",29269,19886,67.9,16700,57.1,68,58.3,"EDMONTON - NE","EDMONTON"
"Z4.2.E.05","40-59 years",22457,18446,82.1,16902,75.3,78.5,72.1,"EDMONTON - NE","EDMONTON"
"Z4.2.E.05","60-74 years",11342,10590,93.4,10248,90.4,89.8,86.4,"EDMONTON - NE","EDMONTON"
"Z4.2.E.05","75+ years",3659,3339,91.3,3306,90.3,91.3,89.7,"EDMONTON - NE","EDMONTON"
"Z4.2.E.05","ALL years",90743,58555,64.5,52307,57.6,66.6,59.7,"EDMONTON - NE","EDMONTON"
"Z4.3.A.01","12-19 years",6348,4863,76.6,4205,66.2,69.2,59.8,"EDMONTON - BONNIE DOON","EDMONTON"
"Z4.3.A.01","12+ years",87025,71249,81.9,65343,75.1,78.3,70.2,"EDMONTON - BONNIE DOON","EDMONTON"
"Z4.3.A.01","20-39 years",36202,27672,76.4,24523,67.7,68,58.3,"EDMONTON - BONNIE DOON","EDMONTON"
"Z4.3.A.01","40-59 years",23445,19218,82,17728,75.6,78.5,72.1,"EDMONTON - BONNIE DOON","EDMONTON"
"Z4.3.A.01","60-74 years",14119,13079,92.6,12681,89.8,89.8,86.4,"EDMONTON - BONNIE DOON","EDMONTON"
"Z4.3.A.01","75+ years",6911,6156,89.1,6020,87.1,91.3,89.7,"EDMONTON - BONNIE DOON","EDMONTON"
"Z4.3.A.01","ALL years",96621,71249,73.7,65343,67.6,66.6,59.7,"EDMONTON - BONNIE DOON","EDMONTON"
"Z4.3.B.02","12-19 years",5165,3949,76.5,3296,63.8,69.2,59.8,"EDMONTON - MILL WOODS WEST","EDMONTON"
"Z4.3.B.02","12+ years",43747,35774,81.8,31732,72.5,78.3,70.2,"EDMONTON - MILL WOODS WEST","EDMONTON"
"Z4.3.B.02","20-39 years",15793,11388,72.1,9332,59.1,68,58.3,"EDMONTON - MILL WOODS WEST","EDMONTON"
"Z4.3.B.02","40-59 years",12349,10597,85.8,9586,77.6,78.5,72.1,"EDMONTON - MILL WOODS WEST","EDMONTON"
"Z4.3.B.02","60-74 years",7469,7019,94,6783,90.8,89.8,86.4,"EDMONTON - MILL WOODS WEST","EDMONTON"
"Z4.3.B.02","75+ years",2972,2639,88.8,2609,87.8,91.3,89.7,"EDMONTON - MILL WOODS WEST","EDMONTON"
"Z4.3.B.02","ALL years",51150,35774,69.9,31732,62,66.6,59.7,"EDMONTON - MILL WOODS WEST","EDMONTON"
"Z4.3.C.03","12-19 years",8363,6810,81.4,5974,71.4,69.2,59.8,"EDMONTON - MILL WOODS SOUTH & EAST","EDMONTON"
"Z4.3.C.03","12+ years",71434,61944,86.7,55462,77.6,78.3,70.2,"EDMONTON - MILL WOODS SOUTH & EAST","EDMONTON"
"Z4.3.C.03","20-39 years",29544,24018,81.3,20174,68.3,68,58.3,"EDMONTON - MILL WOODS SOUTH & EAST","EDMONTON"
"Z4.3.C.03","40-59 years",20734,18423,88.9,17123,82.6,78.5,72.1,"EDMONTON - MILL WOODS SOUTH & EAST","EDMONTON"
"Z4.3.C.03","60-74 years",10229,9907,96.9,9581,93.7,89.8,86.4,"EDMONTON - MILL WOODS SOUTH & EAST","EDMONTON"
"Z4.3.C.03","75+ years",2565,2379,92.8,2336,91.1,91.3,89.7,"EDMONTON - MILL WOODS SOUTH & EAST","EDMONTON"
"Z4.3.C.03","ALL years",85232,61944,72.7,55462,65.1,66.6,59.7,"EDMONTON - MILL WOODS SOUTH & EAST","EDMONTON"
"Z4.4.A.01","12-19 years",3561,2792,78.4,2424,68.1,69.2,59.8,"EDMONTON - DUGGAN","EDMONTON"
"Z4.4.A.01","12+ years",34840,29133,83.6,26737,76.7,78.3,70.2,"EDMONTON - DUGGAN","EDMONTON"
"Z4.4.A.01","20-39 years",13311,10279,77.2,9092,68.3,68,58.3,"EDMONTON - DUGGAN","EDMONTON"
"Z4.4.A.01","40-59 years",9755,8409,86.2,7727,79.2,78.5,72.1,"EDMONTON - DUGGAN","EDMONTON"
"Z4.4.A.01","60-74 years",4947,4629,93.6,4532,91.6,89.8,86.4,"EDMONTON - DUGGAN","EDMONTON"
"Z4.4.A.01","75+ years",3266,2873,88,2860,87.6,91.3,89.7,"EDMONTON - DUGGAN","EDMONTON"
"Z4.4.A.01","ALL years",40132,29133,72.6,26737,66.6,66.6,59.7,"EDMONTON - DUGGAN","EDMONTON"
"Z4.4.B.02","12-19 years",7596,6661,87.7,6241,82.2,69.2,59.8,"EDMONTON - TWIN BROOKS","EDMONTON"
"Z4.4.B.02","12+ years",65990,57573,87.2,54896,83.2,78.3,70.2,"EDMONTON - TWIN BROOKS","EDMONTON"
"Z4.4.B.02","20-39 years",19736,15504,78.6,14262,72.3,68,58.3,"EDMONTON - TWIN BROOKS","EDMONTON"
"Z4.4.B.02","40-59 years",20614,17948,87.1,17180,83.3,78.5,72.1,"EDMONTON - TWIN BROOKS","EDMONTON"
"Z4.4.B.02","60-74 years",12499,11706,93.7,11616,92.9,89.8,86.4,"EDMONTON - TWIN BROOKS","EDMONTON"
"Z4.4.B.02","75+ years",5544,5315,95.9,5272,95.1,91.3,89.7,"EDMONTON - TWIN BROOKS","EDMONTON"
"Z4.4.B.02","ALL years",75969,57573,75.8,54896,72.3,66.6,59.7,"EDMONTON - TWIN BROOKS","EDMONTON"
"Z4.4.C.03","12-19 years",9442,8328,88.2,7854,83.2,69.2,59.8,"EDMONTON - RUTHERFORD","EDMONTON"
"Z4.4.C.03","12+ years",88567,79457,89.7,74638,84.3,78.3,70.2,"EDMONTON - RUTHERFORD","EDMONTON"
"Z4.4.C.03","20-39 years",40495,34226,84.5,31013,76.6,68,58.3,"EDMONTON - RUTHERFORD","EDMONTON"
"Z4.4.C.03","40-59 years",27191,24777,91.1,24122,88.7,78.5,72.1,"EDMONTON - RUTHERFORD","EDMONTON"
"Z4.4.C.03","60-74 years",9024,9048,100,8772,97.2,89.8,86.4,"EDMONTON - RUTHERFORD","EDMONTON"
"Z4.4.C.03","75+ years",2415,2460,100,2430,100.6,91.3,89.7,"EDMONTON - RUTHERFORD","EDMONTON"
"Z4.4.C.03","ALL years",112265,79457,70.8,74638,66.5,66.6,59.7,"EDMONTON - RUTHERFORD","EDMONTON"
"Z4.5.A.01","12-19 years",3271,2146,65.6,1772,54.2,69.2,59.8,"STURGEON COUNTY WEST","EDMONTON"
"Z4.5.A.01","12+ years",25052,18636,74.4,16625,66.4,78.3,70.2,"STURGEON COUNTY WEST","EDMONTON"
"Z4.5.A.01","20-39 years",7943,4927,62,4070,51.2,68,58.3,"STURGEON COUNTY WEST","EDMONTON"
"Z4.5.A.01","40-59 years",7830,6057,77.4,5524,70.6,78.5,72.1,"STURGEON COUNTY WEST","EDMONTON"
"Z4.5.A.01","60-74 years",4687,4131,88.1,3968,84.7,89.8,86.4,"STURGEON COUNTY WEST","EDMONTON"
"Z4.5.A.01","75+ years",1321,1253,94.8,1205,91.2,91.3,89.7,"STURGEON COUNTY WEST","EDMONTON"
"Z4.5.A.01","ALL years",30154,18636,61.8,16625,55.1,66.6,59.7,"STURGEON COUNTY WEST","EDMONTON"
"Z4.5.B.02","12-19 years",690,386,56,347,50.3,69.2,59.8,"STURGEON COUNTY EAST","EDMONTON"
"Z4.5.B.02","12+ years",5204,3685,70.8,3362,64.6,78.3,70.2,"STURGEON COUNTY EAST","EDMONTON"
"Z4.5.B.02","20-39 years",1560,926,59.4,795,51,68,58.3,"STURGEON COUNTY EAST","EDMONTON"
"Z4.5.B.02","40-59 years",1754,1268,72.3,1150,65.6,78.5,72.1,"STURGEON COUNTY EAST","EDMONTON"
"Z4.5.B.02","60-74 years",939,830,88.4,810,86.3,89.8,86.4,"STURGEON COUNTY EAST","EDMONTON"
"Z4.5.B.02","75+ years",261,246,94.2,242,92.7,91.3,89.7,"STURGEON COUNTY EAST","EDMONTON"
"Z4.5.B.02","ALL years",6095,3685,60.5,3362,55.2,66.6,59.7,"STURGEON COUNTY EAST","EDMONTON"
"Z4.5.B.03","12-19 years",2447,1837,75.1,1566,64,69.2,59.8,"FORT SASKATCHEWAN","EDMONTON"
"Z4.5.B.03","12+ years",22307,17315,77.6,15764,70.7,78.3,70.2,"FORT SASKATCHEWAN","EDMONTON"
"Z4.5.B.03","20-39 years",8330,5520,66.3,4797,57.6,68,58.3,"FORT SASKATCHEWAN","EDMONTON"
"Z4.5.B.03","40-59 years",6648,5264,79.2,4852,73,78.5,72.1,"FORT SASKATCHEWAN","EDMONTON"
"Z4.5.B.03","60-74 years",3546,3272,92.3,3178,89.6,89.8,86.4,"FORT SASKATCHEWAN","EDMONTON"
"Z4.5.B.03","75+ years",1337,1317,98.5,1297,97,91.3,89.7,"FORT SASKATCHEWAN","EDMONTON"
"Z4.5.B.03","ALL years",26795,17315,64.6,15764,58.8,66.6,59.7,"FORT SASKATCHEWAN","EDMONTON"
"Z4.6.A.01","12-19 years",8616,7205,83.6,6453,74.9,69.2,59.8,"SHERWOOD PARK","EDMONTON"
"Z4.6.A.01","12+ years",71147,61321,86.2,57536,80.9,78.3,70.2,"SHERWOOD PARK","EDMONTON"
"Z4.6.A.01","20-39 years",20568,15775,76.7,14172,68.9,68,58.3,"SHERWOOD PARK","EDMONTON"
"Z4.6.A.01","40-59 years",22831,19525,85.5,18517,81.1,78.5,72.1,"SHERWOOD PARK","EDMONTON"
"Z4.6.A.01","60-74 years",13456,12729,94.6,12448,92.5,89.8,86.4,"SHERWOOD PARK","EDMONTON"
"Z4.6.A.01","75+ years",5676,5652,99.6,5646,99.5,91.3,89.7,"SHERWOOD PARK","EDMONTON"
"Z4.6.A.01","ALL years",82033,61321,74.8,57536,70.1,66.6,59.7,"SHERWOOD PARK","EDMONTON"
"Z4.6.B.02","12-19 years",1803,1195,66.3,1041,57.7,69.2,59.8,"STRATHCONA COUNTY EXCLUDING SHERWOOD PARK","EDMONTON"
"Z4.6.B.02","12+ years",15406,11826,76.8,10998,71.4,78.3,70.2,"STRATHCONA COUNTY EXCLUDING SHERWOOD PARK","EDMONTON"
"Z4.6.B.02","20-39 years",4061,2693,66.3,2386,58.8,68,58.3,"STRATHCONA COUNTY EXCLUDING SHERWOOD PARK","EDMONTON"
"Z4.6.B.02","40-59 years",5136,3922,76.4,3607,70.2,78.5,72.1,"STRATHCONA COUNTY EXCLUDING SHERWOOD PARK","EDMONTON"
"Z4.6.B.02","60-74 years",3559,3181,89.4,3150,88.5,89.8,86.4,"STRATHCONA COUNTY EXCLUDING SHERWOOD PARK","EDMONTON"
"Z4.6.B.02","75+ years",847,779,92,772,91.1,91.3,89.7,"STRATHCONA COUNTY EXCLUDING SHERWOOD PARK","EDMONTON"
"Z4.6.B.02","ALL years",17420,11826,67.9,10998,63.1,66.6,59.7,"STRATHCONA COUNTY EXCLUDING SHERWOOD PARK","EDMONTON"
"Z4.7.A.01","12-19 years",2819,2124,75.3,1875,66.5,69.2,59.8,"BEAUMONT","EDMONTON"
"Z4.7.A.01","12+ years",20924,16865,80.6,15374,73.5,78.3,70.2,"BEAUMONT","EDMONTON"
"Z4.7.A.01","20-39 years",6943,4962,71.5,4321,62.2,68,58.3,"BEAUMONT","EDMONTON"
"Z4.7.A.01","40-59 years",6948,5661,81.5,5222,75.2,78.5,72.1,"BEAUMONT","EDMONTON"
"Z4.7.A.01","60-74 years",3426,3201,93.4,3107,90.7,89.8,86.4,"BEAUMONT","EDMONTON"
"Z4.7.A.01","75+ years",787,749,95.2,739,93.9,91.3,89.7,"BEAUMONT","EDMONTON"
"Z4.7.A.01","ALL years",25785,16865,65.4,15374,59.6,66.6,59.7,"BEAUMONT","EDMONTON"
"Z4.7.A.02","12-19 years",4135,2829,68.4,2428,58.7,69.2,59.8,"LEDUC & DEVON","EDMONTON"
"Z4.7.A.02","12+ years",35853,27007,75.3,24444,68.2,78.3,70.2,"LEDUC & DEVON","EDMONTON"
"Z4.7.A.02","20-39 years",12370,7718,62.4,6549,52.9,68,58.3,"LEDUC & DEVON","EDMONTON"
"Z4.7.A.02","40-59 years",10946,8478,77.5,7794,71.2,78.5,72.1,"LEDUC & DEVON","EDMONTON"
"Z4.7.A.02","60-74 years",6012,5515,91.7,5257,87.4,89.8,86.4,"LEDUC & DEVON","EDMONTON"
"Z4.7.A.02","75+ years",2391,2270,94.9,2277,95.2,91.3,89.7,"LEDUC & DEVON","EDMONTON"
"Z4.7.A.02","ALL years",43021,27007,62.8,24444,56.8,66.6,59.7,"LEDUC & DEVON","EDMONTON"
"Z4.7.A.03","12-19 years",817,402,49.2,320,39.2,69.2,59.8,"THORSBY","EDMONTON"
"Z4.7.A.03","12+ years",7844,4951,63.1,4419,56.3,78.3,70.2,"THORSBY","EDMONTON"
"Z4.7.A.03","20-39 years",2161,1046,48.4,834,38.6,68,58.3,"THORSBY","EDMONTON"
"Z4.7.A.03","40-59 years",2459,1503,61.1,1351,54.9,78.5,72.1,"THORSBY","EDMONTON"
"Z4.7.A.03","60-74 years",1803,1456,80.7,1397,77.5,89.8,86.4,"THORSBY","EDMONTON"
"Z4.7.A.03","75+ years",602,529,87.8,510,84.7,91.3,89.7,"THORSBY","EDMONTON"
"Z4.7.A.03","ALL years",9090,4951,54.5,4419,48.6,66.6,59.7,"THORSBY","EDMONTON"
"Z4.8.A.01","12-19 years",5787,3947,68.2,3446,59.5,69.2,59.8,"STONY PLAIN & SPRUCE GROVE","EDMONTON"
"Z4.8.A.01","12+ years",48516,36908,76.1,33545,69.1,78.3,70.2,"STONY PLAIN & SPRUCE GROVE","EDMONTON"
"Z4.8.A.01","20-39 years",16567,10524,63.5,9036,54.5,68,58.3,"STONY PLAIN & SPRUCE GROVE","EDMONTON"
"Z4.8.A.01","40-59 years",14579,11429,78.4,10422,71.5,78.5,72.1,"STONY PLAIN & SPRUCE GROVE","EDMONTON"
"Z4.8.A.01","60-74 years",8230,7519,91.4,7281,88.5,89.8,86.4,"STONY PLAIN & SPRUCE GROVE","EDMONTON"
"Z4.8.A.01","75+ years",3353,3252,97,3218,96,91.3,89.7,"STONY PLAIN & SPRUCE GROVE","EDMONTON"
"Z4.8.A.01","ALL years",57833,36908,63.8,33545,58,66.6,59.7,"STONY PLAIN & SPRUCE GROVE","EDMONTON"
"Z4.8.B.02","12-19 years",3875,2033,52.5,1667,43,69.2,59.8,"WESTVIEW EXCLUDING STONY PLAIN & SPRUCE GROVE","EDMONTON"
"Z4.8.B.02","12+ years",31700,21023,66.3,18949,59.8,78.3,70.2,"WESTVIEW EXCLUDING STONY PLAIN & SPRUCE GROVE","EDMONTON"
"Z4.8.B.02","20-39 years",8268,4218,51,3524,42.6,68,58.3,"WESTVIEW EXCLUDING STONY PLAIN & SPRUCE GROVE","EDMONTON"
"Z4.8.B.02","40-59 years",10332,6924,67,6250,60.5,78.5,72.1,"WESTVIEW EXCLUDING STONY PLAIN & SPRUCE GROVE","EDMONTON"
"Z4.8.B.02","60-74 years",7126,5891,82.7,5618,78.8,89.8,86.4,"WESTVIEW EXCLUDING STONY PLAIN & SPRUCE GROVE","EDMONTON"
"Z4.8.B.02","75+ years",2098,1845,87.9,1812,86.4,91.3,89.7,"WESTVIEW EXCLUDING STONY PLAIN & SPRUCE GROVE","EDMONTON"
"Z4.8.B.02","ALL years",36730,21023,57.2,18949,51.6,66.6,59.7,"WESTVIEW EXCLUDING STONY PLAIN & SPRUCE GROVE","EDMONTON"
"Z4.9.A.01","12-19 years",7048,5716,81.1,5205,73.9,69.2,59.8,"ST. ALBERT","EDMONTON"
"Z4.9.A.01","12+ years",60363,52041,86.2,49039,81.2,78.3,70.2,"ST. ALBERT","EDMONTON"
"Z4.9.A.01","20-39 years",17049,12956,76,11621,68.2,68,58.3,"ST. ALBERT","EDMONTON"
"Z4.9.A.01","40-59 years",18759,16122,85.9,15290,81.5,78.5,72.1,"ST. ALBERT","EDMONTON"
"Z4.9.A.01","60-74 years",12195,11661,95.6,11474,94.1,89.8,86.4,"ST. ALBERT","EDMONTON"
"Z4.9.A.01","75+ years",5312,5184,97.6,5165,97.2,91.3,89.7,"ST. ALBERT","EDMONTON"
"Z4.9.A.01","ALL years",69588,52041,74.8,49039,70.5,66.6,59.7,"ST. ALBERT","EDMONTON"
"Z5.1.A.01","12-19 years",328,313,95.4,273,83.2,69.2,59.8,"JASPER","NORTH"
"Z5.1.A.01","12+ years",5070,4136,81.6,3805,75,78.3,70.2,"JASPER","NORTH"
"Z5.1.A.01","20-39 years",2390,1750,73.2,1549,64.8,68,58.3,"JASPER","NORTH"
"Z5.1.A.01","40-59 years",1486,1258,84.6,1176,79.1,78.5,72.1,"JASPER","NORTH"
"Z5.1.A.01","60-74 years",677,630,93.1,629,93,89.8,86.4,"JASPER","NORTH"
"Z5.1.A.01","75+ years",189,171,90.3,167,88.2,91.3,89.7,"JASPER","NORTH"
"Z5.1.A.01","ALL years",5592,4136,74,3805,68,66.6,59.7,"JASPER","NORTH"
"Z5.1.A.02","12-19 years",1157,663,57.3,564,48.8,69.2,59.8,"HINTON","NORTH"
"Z5.1.A.02","12+ years",10498,7338,69.9,6539,62.3,78.3,70.2,"HINTON","NORTH"
"Z5.1.A.02","20-39 years",3602,2166,60.1,1794,49.8,68,58.3,"HINTON","NORTH"
"Z5.1.A.02","40-59 years",3314,2360,71.2,2099,63.3,78.5,72.1,"HINTON","NORTH"
"Z5.1.A.02","60-74 years",1866,1606,86.1,1559,83.6,89.8,86.4,"HINTON","NORTH"
"Z5.1.A.02","75+ years",559,510,91.2,503,89.9,91.3,89.7,"HINTON","NORTH"
"Z5.1.A.02","ALL years",12260,7338,59.9,6539,53.3,66.6,59.7,"HINTON","NORTH"
"Z5.1.A.03","12-19 years",1620,784,48.4,626,38.7,69.2,59.8,"EDSON","NORTH"
"Z5.1.A.03","12+ years",13733,8624,62.8,7616,55.5,78.3,70.2,"EDSON","NORTH"
"Z5.1.A.03","20-39 years",4474,2215,49.5,1833,41,68,58.3,"EDSON","NORTH"
"Z5.1.A.03","40-59 years",4368,2808,64.3,2471,56.6,78.5,72.1,"EDSON","NORTH"
"Z5.1.A.03","60-74 years",2471,2091,84.6,1997,80.8,89.8,86.4,"EDSON","NORTH"
"Z5.1.A.03","75+ years",800,691,86.3,669,83.6,91.3,89.7,"EDSON","NORTH"
"Z5.1.A.03","ALL years",16050,8624,53.7,7616,47.5,66.6,59.7,"EDSON","NORTH"
"Z5.1.B.04","12-19 years",1604,756,47.1,621,38.7,69.2,59.8,"WHITECOURT","NORTH"
"Z5.1.B.04","12+ years",12369,7435,60.1,6586,53.2,78.3,70.2,"WHITECOURT","NORTH"
"Z5.1.B.04","20-39 years",4276,2017,47.2,1666,39,68,58.3,"WHITECOURT","NORTH"
"Z5.1.B.04","40-59 years",4208,2713,64.5,2431,57.8,78.5,72.1,"WHITECOURT","NORTH"
"Z5.1.B.04","60-74 years",1839,1501,81.6,1433,77.9,89.8,86.4,"WHITECOURT","NORTH"
"Z5.1.B.04","75+ years",442,401,90.7,397,89.8,91.3,89.7,"WHITECOURT","NORTH"
"Z5.1.B.04","ALL years",14719,7435,50.5,6586,44.7,66.6,59.7,"WHITECOURT","NORTH"
"Z5.1.B.05","12-19 years",1467,623,42.5,508,34.6,69.2,59.8,"MAYERTHORPE","NORTH"
"Z5.1.B.05","12+ years",14174,8719,61.5,7911,55.8,78.3,70.2,"MAYERTHORPE","NORTH"
"Z5.1.B.05","20-39 years",3580,1645,45.9,1318,36.8,68,58.3,"MAYERTHORPE","NORTH"
"Z5.1.B.05","40-59 years",4505,2606,57.8,2368,52.6,78.5,72.1,"MAYERTHORPE","NORTH"
"Z5.1.B.05","60-74 years",3401,2814,82.7,2729,80.2,89.8,86.4,"MAYERTHORPE","NORTH"
"Z5.1.B.05","75+ years",1221,998,81.7,970,79.4,91.3,89.7,"MAYERTHORPE","NORTH"
"Z5.1.B.05","ALL years",16200,8719,53.8,7911,48.8,66.6,59.7,"MAYERTHORPE","NORTH"
"Z5.1.C.06","12-19 years",1097,452,41.2,367,33.5,69.2,59.8,"BARRHEAD","NORTH"
"Z5.1.C.06","12+ years",9290,5779,62.2,5244,56.4,78.3,70.2,"BARRHEAD","NORTH"
"Z5.1.C.06","20-39 years",2581,1088,42.2,901,34.9,68,58.3,"BARRHEAD","NORTH"
"Z5.1.C.06","40-59 years",2482,1580,63.7,1434,57.8,78.5,72.1,"BARRHEAD","NORTH"
"Z5.1.C.06","60-74 years",2059,1689,82,1610,78.2,89.8,86.4,"BARRHEAD","NORTH"
"Z5.1.C.06","75+ years",1071,951,88.8,920,85.9,91.3,89.7,"BARRHEAD","NORTH"
"Z5.1.C.06","ALL years",10948,5779,52.8,5244,47.9,66.6,59.7,"BARRHEAD","NORTH"
"Z5.1.C.07","12-19 years",1894,940,49.6,775,40.9,69.2,59.8,"WESTLOCK","NORTH"
"Z5.1.C.07","12+ years",16861,11497,68.2,10313,61.2,78.3,70.2,"WESTLOCK","NORTH"
"Z5.1.C.07","20-39 years",4406,2357,53.5,1938,44,68,58.3,"WESTLOCK","NORTH"
"Z5.1.C.07","40-59 years",4790,3186,66.5,2805,58.6,78.5,72.1,"WESTLOCK","NORTH"
"Z5.1.C.07","60-74 years",3929,3287,83.7,3115,79.3,89.8,86.4,"WESTLOCK","NORTH"
"Z5.1.C.07","75+ years",1842,1673,90.8,1639,89,91.3,89.7,"WESTLOCK","NORTH"
"Z5.1.C.07","ALL years",19168,11497,60,10313,53.8,66.6,59.7,"WESTLOCK","NORTH"
"Z5.2.A.01","12-19 years",619,249,40.2,186,30.1,69.2,59.8,"FROG LAKE","NORTH"
"Z5.2.A.01","12+ years",4007,2015,50.3,1680,41.9,78.3,70.2,"FROG LAKE","NORTH"
"Z5.2.A.01","20-39 years",1268,475,37.5,347,27.4,68,58.3,"FROG LAKE","NORTH"
"Z5.2.A.01","40-59 years",1203,588,48.9,474,39.4,78.5,72.1,"FROG LAKE","NORTH"
"Z5.2.A.01","60-74 years",623,440,70.7,422,67.8,89.8,86.4,"FROG LAKE","NORTH"
"Z5.2.A.01","75+ years",294,248,84.2,238,80.8,91.3,89.7,"FROG LAKE","NORTH"
"Z5.2.A.01","ALL years",4827,2015,41.7,1680,34.8,66.6,59.7,"FROG LAKE","NORTH"
"Z5.2.A.04","12-19 years",1806,624,34.6,500,27.7,69.2,59.8,"ST. PAUL","NORTH"
"Z5.2.A.04","12+ years",12782,6756,52.9,6079,47.6,78.3,70.2,"ST. PAUL","NORTH"
"Z5.2.A.04","20-39 years",4135,1582,38.3,1322,32,68,58.3,"ST. PAUL","NORTH"
"Z5.2.A.04","40-59 years",3520,1951,55.4,1730,49.2,78.5,72.1,"ST. PAUL","NORTH"
"Z5.2.A.04","60-74 years",2313,1715,74.2,1652,71.4,89.8,86.4,"ST. PAUL","NORTH"
"Z5.2.A.04","75+ years",1009,861,85.3,859,85.1,91.3,89.7,"ST. PAUL","NORTH"
"Z5.2.A.04","ALL years",15522,6756,43.5,6079,39.2,66.6,59.7,"ST. PAUL","NORTH"
"Z5.2.A.05","12-19 years",378,141,37.3,122,32.3,69.2,59.8,"SMOKY LAKE","NORTH"
"Z5.2.A.05","12+ years",4226,2644,62.6,2425,57.4,78.3,70.2,"SMOKY LAKE","NORTH"
"Z5.2.A.05","20-39 years",955,438,45.8,355,37.2,68,58.3,"SMOKY LAKE","NORTH"
"Z5.2.A.05","40-59 years",1226,731,59.6,650,53,78.5,72.1,"SMOKY LAKE","NORTH"
"Z5.2.A.05","60-74 years",1094,843,77.1,807,73.8,89.8,86.4,"SMOKY LAKE","NORTH"
"Z5.2.A.05","75+ years",573,485,84.7,489,85.4,91.3,89.7,"SMOKY LAKE","NORTH"
"Z5.2.A.05","ALL years",4728,2644,55.9,2425,51.3,66.6,59.7,"SMOKY LAKE","NORTH"
"Z5.2.B.02","12-19 years",2353,1315,55.9,1087,46.2,69.2,59.8,"COLD LAKE","NORTH"
"Z5.2.B.02","12+ years",16681,10809,64.8,9604,57.6,78.3,70.2,"COLD LAKE","NORTH"
"Z5.2.B.02","20-39 years",6360,3388,53.3,2825,44.4,68,58.3,"COLD LAKE","NORTH"
"Z5.2.B.02","40-59 years",5130,3498,68.2,3188,62.1,78.5,72.1,"COLD LAKE","NORTH"
"Z5.2.B.02","60-74 years",2165,1912,88.3,1843,85.1,89.8,86.4,"COLD LAKE","NORTH"
"Z5.2.B.02","75+ years",672,624,92.8,620,92.2,91.3,89.7,"COLD LAKE","NORTH"
"Z5.2.B.02","ALL years",20716,10809,52.2,9604,46.4,66.6,59.7,"COLD LAKE","NORTH"
"Z5.2.B.03","12-19 years",1841,805,43.7,663,36,69.2,59.8,"BONNYVILLE","NORTH"
"Z5.2.B.03","12+ years",13911,7904,56.8,7010,50.4,78.3,70.2,"BONNYVILLE","NORTH"
"Z5.2.B.03","20-39 years",4564,1945,42.6,1594,34.9,68,58.3,"BONNYVILLE","NORTH"
"Z5.2.B.03","40-59 years",4378,2653,60.6,2374,54.2,78.5,72.1,"BONNYVILLE","NORTH"
"Z5.2.B.03","60-74 years",2280,1766,77.4,1664,73,89.8,86.4,"BONNYVILLE","NORTH"
"Z5.2.B.03","75+ years",847,700,82.6,690,81.4,91.3,89.7,"BONNYVILLE","NORTH"
"Z5.2.B.03","ALL years",16602,7904,47.6,7010,42.2,66.6,59.7,"BONNYVILLE","NORTH"
"Z5.2.C.06","12-19 years",293,120,40.9,85,29,69.2,59.8,"BOYLE","NORTH"
"Z5.2.C.06","12+ years",3084,1805,58.5,1575,51.1,78.3,70.2,"BOYLE","NORTH"
"Z5.2.C.06","20-39 years",835,327,39.1,272,32.6,68,58.3,"BOYLE","NORTH"
"Z5.2.C.06","40-59 years",930,537,57.8,445,47.9,78.5,72.1,"BOYLE","NORTH"
"Z5.2.C.06","60-74 years",747,589,78.8,549,73.5,89.8,86.4,"BOYLE","NORTH"
"Z5.2.C.06","75+ years",278,227,81.5,223,80.1,91.3,89.7,"BOYLE","NORTH"
"Z5.2.C.06","ALL years",3544,1805,50.9,1575,44.4,66.6,59.7,"BOYLE","NORTH"
"Z5.2.C.07","12-19 years",1021,579,56.7,477,46.7,69.2,59.8,"ATHABASCA","NORTH"
"Z5.2.C.07","12+ years",9384,6476,69,5885,62.7,78.3,70.2,"ATHABASCA","NORTH"
"Z5.2.C.07","20-39 years",2430,1277,52.6,1072,44.1,68,58.3,"ATHABASCA","NORTH"
"Z5.2.C.07","40-59 years",2956,1971,66.7,1761,59.6,78.5,72.1,"ATHABASCA","NORTH"
"Z5.2.C.07","60-74 years",2119,1830,86.4,1769,83.5,89.8,86.4,"ATHABASCA","NORTH"
"Z5.2.C.07","75+ years",859,779,90.7,777,90.5,91.3,89.7,"ATHABASCA","NORTH"
"Z5.2.C.07","ALL years",10686,6476,60.6,5885,55.1,66.6,59.7,"ATHABASCA","NORTH"
"Z5.2.C.08","12-19 years",1157,491,42.4,408,35.3,69.2,59.8,"LAC LA BICHE","NORTH"
"Z5.2.C.08","12+ years",8738,5148,58.9,4529,51.8,78.3,70.2,"LAC LA BICHE","NORTH"
"Z5.2.C.08","20-39 years",2869,1245,43.4,999,34.8,68,58.3,"LAC LA BICHE","NORTH"
"Z5.2.C.08","40-59 years",2665,1693,63.5,1495,56.1,78.5,72.1,"LAC LA BICHE","NORTH"
"Z5.2.C.08","60-74 years",1499,1209,80.7,1149,76.7,89.8,86.4,"LAC LA BICHE","NORTH"
"Z5.2.C.08","75+ years",547,488,89.2,467,85.3,91.3,89.7,"LAC LA BICHE","NORTH"
"Z5.2.C.08","ALL years",10392,5148,49.5,4529,43.6,66.6,59.7,"LAC LA BICHE","NORTH"
"Z5.3.A.01","12-19 years",441,181,41.1,153,34.7,69.2,59.8,"GRANDE CACHE","NORTH"
"Z5.3.A.01","12+ years",3594,2175,60.5,1866,51.9,78.3,70.2,"GRANDE CACHE","NORTH"
"Z5.3.A.01","20-39 years",1231,660,53.6,510,41.4,68,58.3,"GRANDE CACHE","NORTH"
"Z5.3.A.01","40-59 years",1204,726,60.3,629,52.2,78.5,72.1,"GRANDE CACHE","NORTH"
"Z5.3.A.01","60-74 years",537,449,83.6,421,78.4,89.8,86.4,"GRANDE CACHE","NORTH"
"Z5.3.A.01","75+ years",180,153,84.8,150,83.1,91.3,89.7,"GRANDE CACHE","NORTH"
"Z5.3.A.01","ALL years",4168,2175,52.2,1866,44.8,66.6,59.7,"GRANDE CACHE","NORTH"
"Z5.3.A.02","12-19 years",225,123,54.8,107,47.7,69.2,59.8,"FOX CREEK","NORTH"
"Z5.3.A.02","12+ years",1921,1148,59.8,1025,53.4,78.3,70.2,"FOX CREEK","NORTH"
"Z5.3.A.02","20-39 years",632,311,49.2,256,40.5,68,58.3,"FOX CREEK","NORTH"
"Z5.3.A.02","40-59 years",693,405,58.5,371,53.6,78.5,72.1,"FOX CREEK","NORTH"
"Z5.3.A.02","60-74 years",315,261,82.9,243,77.1,89.8,86.4,"FOX CREEK","NORTH"
"Z5.3.A.02","75+ years",57,41,72.1,43,75.7,91.3,89.7,"FOX CREEK","NORTH"
"Z5.3.A.02","ALL years",2241,1148,51.2,1025,45.7,66.6,59.7,"FOX CREEK","NORTH"
"Z5.3.A.03","12-19 years",790,280,35.4,228,28.9,69.2,59.8,"VALLEYVIEW","NORTH"
"Z5.3.A.03","12+ years",6001,3262,54.4,2863,47.7,78.3,70.2,"VALLEYVIEW","NORTH"
"Z5.3.A.03","20-39 years",1887,770,40.8,618,32.8,68,58.3,"VALLEYVIEW","NORTH"
"Z5.3.A.03","40-59 years",1721,981,57,845,49.1,78.5,72.1,"VALLEYVIEW","NORTH"
"Z5.3.A.03","60-74 years",1182,880,74.4,826,69.9,89.8,86.4,"VALLEYVIEW","NORTH"
"Z5.3.A.03","75+ years",420,340,81,340,81,91.3,89.7,"VALLEYVIEW","NORTH"
"Z5.3.A.03","ALL years",7226,3262,45.1,2863,39.6,66.6,59.7,"VALLEYVIEW","NORTH"
"Z5.3.A.05","12-19 years",1367,532,38.9,435,31.8,69.2,59.8,"BEAVERLODGE","NORTH"
"Z5.3.A.05","12+ years",10136,5546,54.7,4936,48.7,78.3,70.2,"BEAVERLODGE","NORTH"
"Z5.3.A.05","20-39 years",3228,1279,39.6,1040,32.2,68,58.3,"BEAVERLODGE","NORTH"
"Z5.3.A.05","40-59 years",3037,1707,56.2,1508,49.7,78.5,72.1,"BEAVERLODGE","NORTH"
"Z5.3.A.05","60-74 years",1830,1412,77.2,1354,74,89.8,86.4,"BEAVERLODGE","NORTH"
"Z5.3.A.05","75+ years",674,589,87.4,582,86.3,91.3,89.7,"BEAVERLODGE","NORTH"
"Z5.3.A.05","ALL years",12199,5546,45.5,4936,40.5,66.6,59.7,"BEAVERLODGE","NORTH"
"Z5.3.B.04","12-19 years",2453,1241,50.6,1001,40.8,69.2,59.8,"GRANDE PRAIRIE COUNTY","NORTH"
"Z5.3.B.04","12+ years",17157,10180,59.3,8897,51.9,78.3,70.2,"GRANDE PRAIRIE COUNTY","NORTH"
"Z5.3.B.04","20-39 years",5663,2583,45.6,2121,37.5,68,58.3,"GRANDE PRAIRIE COUNTY","NORTH"
"Z5.3.B.04","40-59 years",5687,3592,63.2,3137,55.2,78.5,72.1,"GRANDE PRAIRIE COUNTY","NORTH"
"Z5.3.B.04","60-74 years",2667,2126,79.7,2025,75.9,89.8,86.4,"GRANDE PRAIRIE COUNTY","NORTH"
"Z5.3.B.04","75+ years",687,572,83.3,567,82.6,91.3,89.7,"GRANDE PRAIRIE COUNTY","NORTH"
"Z5.3.B.04","ALL years",20862,10180,48.8,8897,42.6,66.6,59.7,"GRANDE PRAIRIE COUNTY","NORTH"
"Z5.4.A.01","12-19 years",129,49,38.1,45,35,69.2,59.8,"SWAN HILLS","NORTH"
"Z5.4.A.01","12+ years",1142,686,60.1,607,53.1,78.3,70.2,"SWAN HILLS","NORTH"
"Z5.4.A.01","20-39 years",330,142,43,114,34.5,68,58.3,"SWAN HILLS","NORTH"
"Z5.4.A.01","40-59 years",453,288,63.5,254,56,78.5,72.1,"SWAN HILLS","NORTH"
"Z5.4.A.01","60-74 years",203,178,87.6,168,82.6,89.8,86.4,"SWAN HILLS","NORTH"
"Z5.4.A.01","75+ years",27,28,100,25,92.4,91.3,89.7,"SWAN HILLS","NORTH"
"Z5.4.A.01","ALL years",1336,686,51.3,607,45.4,66.6,59.7,"SWAN HILLS","NORTH"
"Z5.4.A.02","12-19 years",1292,697,53.9,546,42.3,69.2,59.8,"SLAVE LAKE","NORTH"
"Z5.4.A.02","12+ years",9551,5709,59.8,4892,51.2,78.3,70.2,"SLAVE LAKE","NORTH"
"Z5.4.A.02","20-39 years",3468,1678,48.4,1341,38.7,68,58.3,"SLAVE LAKE","NORTH"
"Z5.4.A.02","40-59 years",3134,1971,62.9,1728,55.1,78.5,72.1,"SLAVE LAKE","NORTH"
"Z5.4.A.02","60-74 years",1299,1057,81.4,989,76.2,89.8,86.4,"SLAVE LAKE","NORTH"
"Z5.4.A.02","75+ years",359,273,76.1,268,74.7,91.3,89.7,"SLAVE LAKE","NORTH"
"Z5.4.A.02","ALL years",11676,5709,48.9,4892,41.9,66.6,59.7,"SLAVE LAKE","NORTH"
"Z5.4.A.03","12-19 years",606,207,34.2,152,25.1,69.2,59.8,"WABASCA","NORTH"
"Z5.4.A.03","12+ years",3269,1712,52.4,1448,44.3,78.3,70.2,"WABASCA","NORTH"
"Z5.4.A.03","20-39 years",1177,491,41.7,388,33,68,58.3,"WABASCA","NORTH"
"Z5.4.A.03","40-59 years",963,605,62.8,521,54.1,78.5,72.1,"WABASCA","NORTH"
"Z5.4.A.03","60-74 years",426,320,75.2,305,71.6,89.8,86.4,"WABASCA","NORTH"
"Z5.4.A.03","75+ years",97,76,78,73,74.9,91.3,89.7,"WABASCA","NORTH"
"Z5.4.A.03","ALL years",4238,1712,40.4,1448,34.2,66.6,59.7,"WABASCA","NORTH"
"Z5.4.A.07","12-19 years",1478,477,32.3,333,22.5,69.2,59.8,"HIGH PRAIRIE","NORTH"
"Z5.4.A.07","12+ years",9580,4756,49.6,3929,41,78.3,70.2,"HIGH PRAIRIE","NORTH"
"Z5.4.A.07","20-39 years",2916,1140,39.1,828,28.4,68,58.3,"HIGH PRAIRIE","NORTH"
"Z5.4.A.07","40-59 years",2925,1469,50.2,1215,41.5,78.5,72.1,"HIGH PRAIRIE","NORTH"
"Z5.4.A.07","60-74 years",1642,1195,72.8,1098,66.9,89.8,86.4,"HIGH PRAIRIE","NORTH"
"Z5.4.A.07","75+ years",618,461,74.6,448,72.5,91.3,89.7,"HIGH PRAIRIE","NORTH"
"Z5.4.A.07","ALL years",11613,4756,41,3929,33.8,66.6,59.7,"HIGH PRAIRIE","NORTH"
"Z5.4.B.04","12-19 years",3574,456,12.8,369,10.3,69.2,59.8,"HIGH LEVEL","NORTH"
"Z5.4.B.04","12+ years",18049,4197,23.3,3546,19.6,78.3,70.2,"HIGH LEVEL","NORTH"
"Z5.4.B.04","20-39 years",7425,1408,19,1131,15.2,68,58.3,"HIGH LEVEL","NORTH"
"Z5.4.B.04","40-59 years",4631,1467,31.7,1241,26.8,78.5,72.1,"HIGH LEVEL","NORTH"
"Z5.4.B.04","60-74 years",1808,657,36.3,614,34,89.8,86.4,"HIGH LEVEL","NORTH"
"Z5.4.B.04","75+ years",611,186,30.4,178,29.1,91.3,89.7,"HIGH LEVEL","NORTH"
"Z5.4.B.04","ALL years",25086,4197,16.7,3546,14.1,66.6,59.7,"HIGH LEVEL","NORTH"
"Z5.4.B.05","12-19 years",358,151,42.2,110,30.7,69.2,59.8,"MANNING","NORTH"
"Z5.4.B.05","12+ years",2795,1476,52.8,1322,47.3,78.3,70.2,"MANNING","NORTH"
"Z5.4.B.05","20-39 years",810,300,37,254,31.3,68,58.3,"MANNING","NORTH"
"Z5.4.B.05","40-59 years",842,448,53.2,413,49.1,78.5,72.1,"MANNING","NORTH"
"Z5.4.B.05","60-74 years",532,361,67.8,340,63.9,89.8,86.4,"MANNING","NORTH"
"Z5.4.B.05","75+ years",252,210,83.3,200,79.3,91.3,89.7,"MANNING","NORTH"
"Z5.4.B.05","ALL years",3290,1476,44.9,1322,40.2,66.6,59.7,"MANNING","NORTH"
"Z5.4.C.06","12-19 years",2063,834,40.4,686,33.3,69.2,59.8,"PEACE RIVER","NORTH"
"Z5.4.C.06","12+ years",15482,8947,57.8,7906,51.1,78.3,70.2,"PEACE RIVER","NORTH"
"Z5.4.C.06","20-39 years",5342,2341,43.8,1906,35.7,68,58.3,"PEACE RIVER","NORTH"
"Z5.4.C.06","40-59 years",4610,2887,62.6,2584,56.1,78.5,72.1,"PEACE RIVER","NORTH"
"Z5.4.C.06","60-74 years",2581,2106,81.6,1984,76.9,89.8,86.4,"PEACE RIVER","NORTH"
"Z5.4.C.06","75+ years",887,742,83.7,726,81.9,91.3,89.7,"PEACE RIVER","NORTH"
"Z5.4.C.06","ALL years",18611,8947,48.1,7906,42.5,66.6,59.7,"PEACE RIVER","NORTH"
"Z5.4.D.08","12-19 years",453,190,41.9,157,34.6,69.2,59.8,"FALHER","NORTH"
"Z5.4.D.08","12+ years",3781,2324,61.5,2128,56.3,78.3,70.2,"FALHER","NORTH"
"Z5.4.D.08","20-39 years",1139,518,45.5,455,40,68,58.3,"FALHER","NORTH"
"Z5.4.D.08","40-59 years",1029,606,58.9,545,53,78.5,72.1,"FALHER","NORTH"
"Z5.4.D.08","60-74 years",763,639,83.7,615,80.6,89.8,86.4,"FALHER","NORTH"
"Z5.4.D.08","75+ years",397,358,90.3,351,88.5,91.3,89.7,"FALHER","NORTH"
"Z5.4.D.08","ALL years",4427,2324,52.5,2128,48.1,66.6,59.7,"FALHER","NORTH"
"Z5.4.D.09","12-19 years",629,206,32.7,159,25.3,69.2,59.8,"SPIRIT RIVER","NORTH"
"Z5.4.D.09","12+ years",5196,2799,53.9,2491,47.9,78.3,70.2,"SPIRIT RIVER","NORTH"
"Z5.4.D.09","20-39 years",1438,468,32.6,378,26.3,68,58.3,"SPIRIT RIVER","NORTH"
"Z5.4.D.09","40-59 years",1566,906,57.9,781,49.9,78.5,72.1,"SPIRIT RIVER","NORTH"
"Z5.4.D.09","60-74 years",1115,836,75,798,71.5,89.8,86.4,"SPIRIT RIVER","NORTH"
"Z5.4.D.09","75+ years",448,370,82.6,364,81.2,91.3,89.7,"SPIRIT RIVER","NORTH"
"Z5.4.D.09","ALL years",6114,2799,45.8,2491,40.7,66.6,59.7,"SPIRIT RIVER","NORTH"
"Z5.4.D.10","12-19 years",1010,332,32.9,267,26.4,69.2,59.8,"FAIRVIEW","NORTH"
"Z5.4.D.10","12+ years",6771,3571,52.7,3242,47.9,78.3,70.2,"FAIRVIEW","NORTH"
"Z5.4.D.10","20-39 years",1955,717,36.7,604,30.9,68,58.3,"FAIRVIEW","NORTH"
"Z5.4.D.10","40-59 years",1882,1053,56,949,50.4,78.5,72.1,"FAIRVIEW","NORTH"
"Z5.4.D.10","60-74 years",1283,950,74.1,906,70.6,89.8,86.4,"FAIRVIEW","NORTH"
"Z5.4.D.10","75+ years",642,515,80.3,513,80,91.3,89.7,"FAIRVIEW","NORTH"
"Z5.4.D.10","ALL years",8131,3571,43.9,3242,39.9,66.6,59.7,"FAIRVIEW","NORTH"
"Z5.5.A.01","12-19 years",462,222,48.1,142,30.8,69.2,59.8,"WOOD BUFFALO","NORTH"
"Z5.5.A.01","12+ years",3377,1825,54,1402,41.5,78.3,70.2,"WOOD BUFFALO","NORTH"
"Z5.5.A.01","20-39 years",1170,481,41.1,333,28.5,68,58.3,"WOOD BUFFALO","NORTH"
"Z5.5.A.01","40-59 years",1163,699,60.1,566,48.7,78.5,72.1,"WOOD BUFFALO","NORTH"
"Z5.5.A.01","60-74 years",482,337,70,289,60,89.8,86.4,"WOOD BUFFALO","NORTH"
"Z5.5.A.01","75+ years",101,72,71,64,63.1,91.3,89.7,"WOOD BUFFALO","NORTH"
"Z5.5.A.01","ALL years",4062,1825,44.9,1402,34.5,66.6,59.7,"WOOD BUFFALO","NORTH"
"Z5.6.A.01","12-19 years",6716,4779,71.2,4010,59.7,69.2,59.8,"FORT MCMURRAY","NORTH"
"Z5.6.A.01","12+ years",65400,46315,70.8,39671,60.7,78.3,70.2,"FORT MCMURRAY","NORTH"
"Z5.6.A.01","20-39 years",28516,17632,61.8,14320,50.2,68,58.3,"FORT MCMURRAY","NORTH"
"Z5.6.A.01","40-59 years",23056,17852,77.4,15821,68.6,78.5,72.1,"FORT MCMURRAY","NORTH"
"Z5.6.A.01","60-74 years",6443,5237,81.3,4831,75,89.8,86.4,"FORT MCMURRAY","NORTH"
"Z5.6.A.01","75+ years",669,531,79.3,508,75.9,91.3,89.7,"FORT MCMURRAY","NORTH"
"Z5.6.A.01","ALL years",79416,46315,58.3,39671,50,66.6,59.7,"FORT MCMURRAY","NORTH"
"Z5.7.A.01","12-19 years",7222,3916,54.2,3278,45.4,69.2,59.8,"CITY OF GRANDE PRAIRIE","NORTH"
"Z5.7.A.01","12+ years",61599,37156,60.3,32157,52.2,78.3,70.2,"CITY OF GRANDE PRAIRIE","NORTH"
"Z5.7.A.01","20-39 years",26873,13180,49,10580,39.4,68,58.3,"CITY OF GRANDE PRAIRIE","NORTH"
"Z5.7.A.01","40-59 years",18317,12116,66.1,10817,59.1,78.5,72.1,"CITY OF GRANDE PRAIRIE","NORTH"
"Z5.7.A.01","60-74 years",6996,5840,83.5,5518,78.9,89.8,86.4,"CITY OF GRANDE PRAIRIE","NORTH"
"Z5.7.A.01","75+ years",2191,1888,86.2,1843,84.1,91.3,89.7,"CITY OF GRANDE PRAIRIE","NORTH"
"Z5.7.A.01","ALL years",74275,37156,50,32157,43.3,66.6,59.7,"CITY OF GRANDE PRAIRIE","NORTH"
